year_radica,count_a,count_de,tipo_predio_zona,categoria_ruralidad_2024,valor
2023,2,2,URBANO,Ciudades y aglomeraciones,530000000
2023,2,2,URBANO,Ciudades y aglomeraciones,400000000
2023,2,2,URBANO,Ciudades y aglomeraciones,400000000
2023,2,2,URBANO,Ciudades y aglomeraciones,400000000
2021,1,1,URBANO,Ciudades y aglomeraciones,380000000
2022,1,2,URBANO,Ciudades y aglomeraciones,320000000
2023,2,2,URBANO,Ciudades y aglomeraciones,899480000
2023,1,1,URBANO,Ciudades y aglomeraciones,155000000
2022,1,2,URBANO,Ciudades y aglomeraciones,1800000000
2021,2,2,URBANO,Ciudades y aglomeraciones,75000000
2022,2,2,URBANO,Ciudades y aglomeraciones,620000000
2022,1,6,URBANO,Ciudades y aglomeraciones,304000000
2022,1,1,URBANO,Ciudades y aglomeraciones,25000000
2021,2,1,URBANO,Ciudades y aglomeraciones,515000000
2021,1,1,URBANO,Ciudades y aglomeraciones,180000000
2023,2,2,URBANO,Ciudades y aglomeraciones,35000000
2022,1,1,URBANO,Ciudades y aglomeraciones,850000000
2023,2,4,URBANO,Ciudades y aglomeraciones,294000000
2022,5,1,URBANO,Ciudades y aglomeraciones,316000000
2022,1,1,URBANO,Ciudades y aglomeraciones,430000000
2021,1,5,URBANO,Ciudades y aglomeraciones,550000000
2022,2,9,URBANO,Ciudades y aglomeraciones,700000000
2023,1,1,URBANO,Ciudades y aglomeraciones,70000000
2021,1,1,URBANO,Ciudades y aglomeraciones,3860000000
2021,1,1,URBANO,Ciudades y aglomeraciones,286500000
2022,1,5,URBANO,Ciudades y aglomeraciones,654670020
2022,4,1,URBANO,Ciudades y aglomeraciones,330000000
2021,1,2,URBANO,Ciudades y aglomeraciones,590000000
2021,1,4,URBANO,Ciudades y aglomeraciones,255000000
2021,2,1,URBANO,Ciudades y aglomeraciones,200000000
2022,1,1,URBANO,Ciudades y aglomeraciones,920000000
2023,2,4,URBANO,Ciudades y aglomeraciones,548825220
2023,2,4,URBANO,Ciudades y aglomeraciones,548825220
2022,1,2,URBANO,Ciudades y aglomeraciones,135000000
2022,1,3,URBANO,Ciudades y aglomeraciones,329000000
2022,2,1,URBANO,Ciudades y aglomeraciones,580000000
2023,6,2,URBANO,Ciudades y aglomeraciones,450000000
2022,1,1,URBANO,Ciudades y aglomeraciones,290000000
2021,1,5,URBANO,Ciudades y aglomeraciones,120000000
2023,2,2,URBANO,Ciudades y aglomeraciones,390000000
2021,1,1,URBANO,Ciudades y aglomeraciones,220000000
2022,2,2,URBANO,Ciudades y aglomeraciones,320000000
2022,1,2,URBANO,Ciudades y aglomeraciones,350000000
2022,1,1,URBANO,Ciudades y aglomeraciones,680000000
2023,8,2,URBANO,Ciudades y aglomeraciones,710000000
2023,2,2,URBANO,Ciudades y aglomeraciones,86400000
2023,2,2,URBANO,Ciudades y aglomeraciones,438000000
2023,2,4,URBANO,Ciudades y aglomeraciones,730000000
2023,2,2,URBANO,Ciudades y aglomeraciones,2295268860
2022,2,1,URBANO,Ciudades y aglomeraciones,570000000
2021,1,1,URBANO,Ciudades y aglomeraciones,250000000
2022,1,1,URBANO,Ciudades y aglomeraciones,320000000
2022,1,1,URBANO,Ciudades y aglomeraciones,620000000
2023,2,2,URBANO,Ciudades y aglomeraciones,125000000
2023,1,2,URBANO,Ciudades y aglomeraciones,1190000000
2021,1,1,URBANO,Ciudades y aglomeraciones,40000000
2023,1,5,URBANO,Ciudades y aglomeraciones,1886000000
2016,1,1,URBANO,Rural,4000000.0
2022,1,1,URBANO,Ciudades y aglomeraciones,315215008
2023,2,4,URBANO,Ciudades y aglomeraciones,15000000
2018,1,1,URBANO,Rural,40000000
2021,1,1,URBANO,Ciudades y aglomeraciones,560000000
2018,1,1,URBANO,Rural,27000000
2023,2,6,URBANO,Ciudades y aglomeraciones,800000000
2022,1,1,URBANO,Ciudades y aglomeraciones,800000000
2023,2,8,URBANO,Ciudades y aglomeraciones,940000000
2023,2,4,URBANO,Ciudades y aglomeraciones,2600731140
2022,1,2,URBANO,Ciudades y aglomeraciones,130000000
2022,1,3,URBANO,Ciudades y aglomeraciones,1450000000
2021,1,1,URBANO,Ciudades y aglomeraciones,113000000
2021,1,1,URBANO,Ciudades y aglomeraciones,38000000
2021,1,3,URBANO,Ciudades y aglomeraciones,1344914940
2021,1,1,URBANO,Ciudades y aglomeraciones,1524000000
2022,1,4,URBANO,Ciudades y aglomeraciones,253726080
2021,1,1,URBANO,Ciudades y aglomeraciones,900000000
2021,1,5,URBANO,Ciudades y aglomeraciones,550000000
2023,2,2,URBANO,Ciudades y aglomeraciones,185000000
2021,1,4,URBANO,Ciudades y aglomeraciones,1600000000
2021,1,1,URBANO,Ciudades y aglomeraciones,650000000
2021,1,2,URBANO,Ciudades y aglomeraciones,345000000
2022,1,14,URBANO,Ciudades y aglomeraciones,910000000
2022,1,1,URBANO,Ciudades y aglomeraciones,1229555330
2022,2,9,URBANO,Ciudades y aglomeraciones,800000000
2023,1,1,URBANO,Ciudades y aglomeraciones,55000000
2023,1,7,URBANO,Ciudades y aglomeraciones,215000000
2021,1,1,URBANO,Ciudades y aglomeraciones,150000000
2021,2,1,URBANO,Ciudades y aglomeraciones,107974000
2023,2,2,URBANO,Ciudades y aglomeraciones,190000000
2023,1,1,URBANO,Ciudades y aglomeraciones,260000000
2023,2,1,URBANO,Ciudades y aglomeraciones,118000000
2022,1,4,URBANO,Ciudades y aglomeraciones,128000000
2022,1,1,URBANO,Ciudades y aglomeraciones,180000000
2023,2,2,URBANO,Ciudades y aglomeraciones,170000000
2022,1,4,URBANO,Ciudades y aglomeraciones,123000000
2021,2,1,URBANO,Ciudades y aglomeraciones,263000000
2022,1,1,URBANO,Ciudades y aglomeraciones,1517403260
2023,2,2,URBANO,Ciudades y aglomeraciones,200000000
2023,1,1,URBANO,Ciudades y aglomeraciones,200000000
2022,1,1,URBANO,Ciudades y aglomeraciones,244000000
2021,2,1,URBANO,Ciudades y aglomeraciones,9671341.0
2022,1,1,URBANO,Ciudades y aglomeraciones,730000000
2023,1,1,URBANO,Ciudades y aglomeraciones,3340000.0
2022,1,2,URBANO,Ciudades y aglomeraciones,610000000
2023,1,1,URBANO,Ciudades y aglomeraciones,160000000
2021,1,2,URBANO,Ciudades y aglomeraciones,440000000
2022,1,1,URBANO,Ciudades y aglomeraciones,2016000000
2021,2,1,URBANO,Ciudades y aglomeraciones,188000000
2022,1,1,URBANO,Ciudades y aglomeraciones,240000000
2022,2,1,URBANO,Ciudades y aglomeraciones,450000000
2023,2,2,URBANO,Ciudades y aglomeraciones,4200000.0
2023,2,4,URBANO,Ciudades y aglomeraciones,400000000
2023,2,4,URBANO,Ciudades y aglomeraciones,400000000
2023,2,4,URBANO,Ciudades y aglomeraciones,400000000
2022,1,1,URBANO,Ciudades y aglomeraciones,1324999940
2021,1,1,URBANO,Ciudades y aglomeraciones,845000000
2022,1,1,URBANO,Ciudades y aglomeraciones,1295000060
2022,1,11,URBANO,Ciudades y aglomeraciones,264000000
2023,4,2,URBANO,Ciudades y aglomeraciones,300000000
2022,1,4,URBANO,Ciudades y aglomeraciones,492000000
2022,2,2,URBANO,Ciudades y aglomeraciones,110000000
2023,1,1,URBANO,Ciudades y aglomeraciones,730000000
2022,1,2,URBANO,Ciudades y aglomeraciones,1530000000
2022,1,2,URBANO,Ciudades y aglomeraciones,2315000060
2023,2,2,URBANO,Ciudades y aglomeraciones,1100000000
2023,1,1,URBANO,Ciudades y aglomeraciones,1850000000
2022,1,2,URBANO,Ciudades y aglomeraciones,926000000
2023,2,2,URBANO,Ciudades y aglomeraciones,1450000000
2022,1,1,URBANO,Ciudades y aglomeraciones,800000000
2022,1,2,URBANO,Ciudades y aglomeraciones,242000000
2023,6,6,URBANO,Ciudades y aglomeraciones,2140891010
2022,2,9,URBANO,Ciudades y aglomeraciones,850000000
2022,1,1,URBANO,Ciudades y aglomeraciones,40000000
2023,16,2,URBANO,Ciudades y aglomeraciones,561529980
2021,0,2,URBANO,Ciudades y aglomeraciones,200000000
2022,1,1,URBANO,Ciudades y aglomeraciones,800000000
2021,2,2,URBANO,Ciudades y aglomeraciones,540000000
2023,2,7,URBANO,Ciudades y aglomeraciones,700000000
2022,1,1,URBANO,Ciudades y aglomeraciones,191238000
2023,1,3,URBANO,Ciudades y aglomeraciones,98000000
2023,4,2,URBANO,Ciudades y aglomeraciones,530000000
2023,1,2,URBANO,Ciudades y aglomeraciones,107500000
2022,1,7,URBANO,Ciudades y aglomeraciones,810000000
2021,1,1,URBANO,Rural,6000000.0
2021,1,1,URBANO,Ciudades y aglomeraciones,800000000
2021,3,1,URBANO,Ciudades y aglomeraciones,490000000
2023,4,2,URBANO,Ciudades y aglomeraciones,192000000
2022,2,1,URBANO,Ciudades y aglomeraciones,298000000
2023,2,1,URBANO,Ciudades y aglomeraciones,610000000
2022,1,1,URBANO,Ciudades y aglomeraciones,500000000
2023,1,2,URBANO,Ciudades y aglomeraciones,600000000
2023,2,1,URBANO,Ciudades y aglomeraciones,610000000
2021,2,13,URBANO,Ciudades y aglomeraciones,600000000
2023,1,2,URBANO,Ciudades y aglomeraciones,600000000
2022,1,1,URBANO,Ciudades y aglomeraciones,500000000
2023,1,1,URBANO,Ciudades y aglomeraciones,700000000
2022,1,1,URBANO,Ciudades y aglomeraciones,3150000.0
2021,1,1,URBANO,Ciudades y aglomeraciones,780000000
2023,2,2,URBANO,Ciudades y aglomeraciones,826000000
2023,1,4,URBANO,Ciudades y aglomeraciones,132000000
2023,2,2,URBANO,Ciudades y aglomeraciones,1100000000
2023,1,1,URBANO,Ciudades y aglomeraciones,13144000
2023,1,1,URBANO,Ciudades y aglomeraciones,13144000
2023,1,1,URBANO,Ciudades y aglomeraciones,13144000
2023,2,9,URBANO,Ciudades y aglomeraciones,322716000
2022,1,1,URBANO,Ciudades y aglomeraciones,90000000
2023,1,1,URBANO,Ciudades y aglomeraciones,231000000
2022,1,1,URBANO,Ciudades y aglomeraciones,465000000
2022,1,1,URBANO,Ciudades y aglomeraciones,480000000
2021,1,2,URBANO,Ciudades y aglomeraciones,170000000
2022,4,1,URBANO,Ciudades y aglomeraciones,300000000
2023,2,4,URBANO,Ciudades y aglomeraciones,145000000
2023,1,2,URBANO,Ciudades y aglomeraciones,108000000
2020,1,1,URBANO,Rural,4000000.0
2021,1,4,URBANO,Ciudades y aglomeraciones,398000000
2023,2,4,URBANO,Ciudades y aglomeraciones,840000000
2023,1,1,URBANO,Ciudades y aglomeraciones,207000000
2022,1,1,URBANO,Ciudades y aglomeraciones,569312000
2023,2,4,URBANO,Ciudades y aglomeraciones,1350000000
2023,2,2,URBANO,Ciudades y aglomeraciones,170000000
2023,1,1,URBANO,Ciudades y aglomeraciones,13144000
2022,1,1,URBANO,Ciudades y aglomeraciones,1584999940
2022,1,4,URBANO,Ciudades y aglomeraciones,60000000
2022,1,1,URBANO,Ciudades y aglomeraciones,175000000
2023,2,2,URBANO,Ciudades y aglomeraciones,525000000
2023,2,2,URBANO,Ciudades y aglomeraciones,150000000
2023,1,1,URBANO,Ciudades y aglomeraciones,150000000
2023,2,2,URBANO,Ciudades y aglomeraciones,140000000
2022,1,1,URBANO,Ciudades y aglomeraciones,1288574080
2023,1,1,URBANO,Ciudades y aglomeraciones,1260000000
2023,2,2,URBANO,Ciudades y aglomeraciones,150612992
2022,1,8,URBANO,Ciudades y aglomeraciones,430000000
2022,1,2,URBANO,Ciudades y aglomeraciones,1150000000
2021,3,8,URBANO,Ciudades y aglomeraciones,220000000
2021,2,8,URBANO,Ciudades y aglomeraciones,850000000
2021,2,5,URBANO,Ciudades y aglomeraciones,450000000
2021,2,1,URBANO,Ciudades y aglomeraciones,120000000
2023,2,2,URBANO,Ciudades y aglomeraciones,600000000
2022,2,11,URBANO,Ciudades y aglomeraciones,350000000
2023,2,6,URBANO,Ciudades y aglomeraciones,100000000
2023,2,2,URBANO,Ciudades y aglomeraciones,625000000
2023,2,20,URBANO,Ciudades y aglomeraciones,2600000000
2022,1,2,URBANO,Ciudades y aglomeraciones,90000000
2023,2,2,URBANO,Ciudades y aglomeraciones,93000000
2021,1,1,URBANO,Ciudades y aglomeraciones,160000000
2022,2,1,URBANO,Ciudades y aglomeraciones,300000000
2022,2,1,URBANO,Ciudades y aglomeraciones,250000000
2022,1,2,URBANO,Ciudades y aglomeraciones,135000000
2021,1,9,URBANO,Ciudades y aglomeraciones,250000000
2021,1,1,URBANO,Ciudades y aglomeraciones,400000000
2023,4,2,URBANO,Ciudades y aglomeraciones,830000000
2022,1,1,URBANO,Ciudades y aglomeraciones,2000000000
2022,1,4,URBANO,Ciudades y aglomeraciones,800000000
2023,2,2,URBANO,Ciudades y aglomeraciones,1300000000
2023,2,2,URBANO,Ciudades y aglomeraciones,520504992
2022,1,6,URBANO,Ciudades y aglomeraciones,752145980
2023,2,1,URBANO,Ciudades y aglomeraciones,600000000
2023,2,2,URBANO,Ciudades y aglomeraciones,2800000000
2022,1,1,URBANO,Ciudades y aglomeraciones,320000000
2021,1,1,URBANO,Ciudades y aglomeraciones,3750795.0
2023,1,4,URBANO,Ciudades y aglomeraciones,750000000
2023,2,2,URBANO,Ciudades y aglomeraciones,106600000
2023,2,2,URBANO,Ciudades y aglomeraciones,112000000
2023,4,2,URBANO,Ciudades y aglomeraciones,650000000
2021,1,1,URBANO,Ciudades y aglomeraciones,900000000
2022,2,1,URBANO,Ciudades y aglomeraciones,150000000
2023,1,2,URBANO,Ciudades y aglomeraciones,298000000
2023,2,6,URBANO,Ciudades y aglomeraciones,600000000
2023,1,1,URBANO,Ciudades y aglomeraciones,155000000
2022,1,2,URBANO,Ciudades y aglomeraciones,110000000
2021,1,1,URBANO,Ciudades y aglomeraciones,991699970
2023,2,4,URBANO,Ciudades y aglomeraciones,610000000
2022,1,1,URBANO,Ciudades y aglomeraciones,1400000000
2023,1,1,URBANO,Ciudades y aglomeraciones,1714221950
2023,4,2,URBANO,Ciudades y aglomeraciones,3800000000
2022,1,1,URBANO,Ciudades y aglomeraciones,70000000
2023,4,2,URBANO,Ciudades y aglomeraciones,200000000
2021,2,1,URBANO,Ciudades y aglomeraciones,900000000
2022,1,1,URBANO,Ciudades y aglomeraciones,95000000
2023,1,1,URBANO,Ciudades y aglomeraciones,510000000
2021,1,1,URBANO,Ciudades y aglomeraciones,1800000.0
2022,1,1,URBANO,Ciudades y aglomeraciones,3200000.0
2023,1,1,URBANO,Ciudades y aglomeraciones,606000000
2022,1,1,URBANO,Ciudades y aglomeraciones,297000000
2022,1,1,URBANO,Ciudades y aglomeraciones,136000000
2021,2,1,URBANO,Ciudades y aglomeraciones,250000000
2022,2,1,URBANO,Ciudades y aglomeraciones,180000000
2022,1,1,URBANO,Ciudades y aglomeraciones,218000000
2022,2,4,URBANO,Ciudades y aglomeraciones,700000000
2023,2,1,URBANO,Ciudades y aglomeraciones,193000000
2023,2,1,URBANO,Ciudades y aglomeraciones,680000000
2022,4,1,URBANO,Ciudades y aglomeraciones,752000000
2023,4,2,URBANO,Ciudades y aglomeraciones,4000000000
2021,1,1,URBANO,Ciudades y aglomeraciones,825299010
2021,1,1,URBANO,Ciudades y aglomeraciones,140000000
2022,1,2,URBANO,Ciudades y aglomeraciones,260000000
2021,2,6,URBANO,Ciudades y aglomeraciones,1000000000
2023,1,1,URBANO,Ciudades y aglomeraciones,40000000
2023,2,2,URBANO,Ciudades y aglomeraciones,4500000.0
2021,5,2,URBANO,Ciudades y aglomeraciones,170000000
2021,1,1,URBANO,Ciudades y aglomeraciones,4500000.0
2022,2,1,URBANO,Ciudades y aglomeraciones,742000000
2022,1,1,URBANO,Ciudades y aglomeraciones,590000000
2021,1,4,URBANO,Ciudades y aglomeraciones,250000000
2023,2,2,SIN INFORMACION,Ciudades y aglomeraciones,85000.0
2023,1,1,URBANO,Ciudades y aglomeraciones,250000000
2021,1,1,URBANO,Ciudades y aglomeraciones,260000000
2023,2,2,URBANO,Rural,4000000.0
2022,4,1,URBANO,Ciudades y aglomeraciones,923000000
2023,2,2,URBANO,Ciudades y aglomeraciones,2500000000
2023,2,2,URBANO,Ciudades y aglomeraciones,168000000
2021,1,3,URBANO,Ciudades y aglomeraciones,970000000
2022,1,1,URBANO,Ciudades y aglomeraciones,1395000060
2023,2,2,URBANO,Ciudades y aglomeraciones,80000000
2023,1,2,URBANO,Ciudades y aglomeraciones,140000000
2022,1,6,URBANO,Ciudades y aglomeraciones,830000000
2022,1,1,URBANO,Ciudades y aglomeraciones,1520000000
2022,1,1,SIN INFORMACION,Ciudades y aglomeraciones,1520000000
2022,2,3,URBANO,Ciudades y aglomeraciones,240000000
2022,1,2,URBANO,Ciudades y aglomeraciones,235000000
2022,1,1,URBANO,Ciudades y aglomeraciones,180000000
2023,1,1,URBANO,Ciudades y aglomeraciones,582000000
2022,1,1,URBANO,Ciudades y aglomeraciones,130000000
2021,1,1,URBANO,Ciudades y aglomeraciones,5699999700
2023,1,2,URBANO,Ciudades y aglomeraciones,1150000000
2023,4,2,URBANO,Ciudades y aglomeraciones,520000000
2022,1,2,URBANO,Ciudades y aglomeraciones,1870000000
2022,1,2,URBANO,Ciudades y aglomeraciones,1100000000
2023,3,1,URBANO,Ciudades y aglomeraciones,1050000000
2021,2,1,URBANO,Ciudades y aglomeraciones,3750000.0
2021,5,1,URBANO,Ciudades y aglomeraciones,95520000
2022,1,2,URBANO,Ciudades y aglomeraciones,435000000
2022,1,2,URBANO,Ciudades y aglomeraciones,435000000
2022,1,6,URBANO,Ciudades y aglomeraciones,780000000
2023,2,4,URBANO,Ciudades y aglomeraciones,700000000
2023,2,6,URBANO,Ciudades y aglomeraciones,630000000
2022,1,1,URBANO,Ciudades y aglomeraciones,35000000
2023,1,1,URBANO,Ciudades y aglomeraciones,1600000000
2021,1,5,URBANO,Ciudades y aglomeraciones,2167500030
2022,1,1,URBANO,Ciudades y aglomeraciones,971619970
2023,2,2,URBANO,Ciudades y aglomeraciones,5000000.0
2022,1,1,URBANO,Ciudades y aglomeraciones,90000000
2021,1,1,URBANO,Ciudades y aglomeraciones,1506000.0
2022,1,1,URBANO,Ciudades y aglomeraciones,3500000.0
2020,1,1,URBANO,Rural,4000000.0
2023,3,4,URBANO,Ciudades y aglomeraciones,343000000
2021,2,1,URBANO,Ciudades y aglomeraciones,532000000
2022,1,1,URBANO,Ciudades y aglomeraciones,14000000
2021,3,1,URBANO,Ciudades y aglomeraciones,466302336
2022,1,1,URBANO,Ciudades y aglomeraciones,1400000.0
2023,1,2,URBANO,Ciudades y aglomeraciones,300000000
2022,1,1,URBANO,Ciudades y aglomeraciones,4500000.0
2021,1,1,URBANO,Ciudades y aglomeraciones,317500000
2022,1,3,URBANO,Ciudades y aglomeraciones,750000000
2021,1,1,URBANO,Rural,6000000.0
2022,4,4,URBANO,Ciudades y aglomeraciones,250000000
2022,1,1,URBANO,Ciudades y aglomeraciones,920000000
2022,1,2,URBANO,Ciudades y aglomeraciones,500000000
2023,1,1,URBANO,Ciudades y aglomeraciones,1500000.0
2022,1,1,URBANO,Ciudades y aglomeraciones,186000000
2023,2,2,URBANO,Ciudades y aglomeraciones,537000000
2023,1,3,URBANO,Ciudades y aglomeraciones,620000000
2022,1,1,URBANO,Ciudades y aglomeraciones,50000000
2021,1,3,URBANO,Ciudades y aglomeraciones,1480000.0
2023,2,1,URBANO,Ciudades y aglomeraciones,170050000
2023,2,1,URBANO,Ciudades y aglomeraciones,170050000
2021,1,1,URBANO,Ciudades y aglomeraciones,250000000
2022,1,1,URBANO,Ciudades y aglomeraciones,258224000
2023,3,1,URBANO,Ciudades y aglomeraciones,417000000
2021,1,1,URBANO,Ciudades y aglomeraciones,900000000
2023,2,2,URBANO,Ciudades y aglomeraciones,215000000
2023,1,1,URBANO,Ciudades y aglomeraciones,450000000
2021,1,3,URBANO,Ciudades y aglomeraciones,360000000
2022,1,1,URBANO,Ciudades y aglomeraciones,520000000
2023,4,2,URBANO,Ciudades y aglomeraciones,520000000
2023,2,2,URBANO,Ciudades y aglomeraciones,4687500.0
2022,1,4,URBANO,Ciudades y aglomeraciones,190000000
2023,2,2,URBANO,Ciudades y aglomeraciones,525000000
2022,1,1,URBANO,Ciudades y aglomeraciones,270000000
2023,2,12,URBANO,Ciudades y aglomeraciones,900000000
2022,2,3,URBANO,Ciudades y aglomeraciones,860000000
2022,2,3,URBANO,Ciudades y aglomeraciones,323800000
2023,2,2,URBANO,Ciudades y aglomeraciones,390000000
2021,2,1,URBANO,Ciudades y aglomeraciones,750000000
2023,2,2,URBANO,Ciudades y aglomeraciones,670000000
2022,1,1,URBANO,Ciudades y aglomeraciones,29000000
2021,2,2,URBANO,Ciudades y aglomeraciones,105000000
2021,2,2,URBANO,Ciudades y aglomeraciones,105000000
2022,1,1,URBANO,Ciudades y aglomeraciones,6000000.0
2022,6,1,URBANO,Ciudades y aglomeraciones,800000000
2022,1,1,URBANO,Ciudades y aglomeraciones,300000000
2021,1,2,URBANO,Ciudades y aglomeraciones,75000000
2022,1,1,URBANO,Ciudades y aglomeraciones,95000000
2023,2,6,URBANO,Ciudades y aglomeraciones,3200000.0
2022,1,1,URBANO,Ciudades y aglomeraciones,520000000
2023,4,2,URBANO,Ciudades y aglomeraciones,520000000
2023,4,6,URBANO,Ciudades y aglomeraciones,776000000
2023,1,1,URBANO,Ciudades y aglomeraciones,4000000.0
2022,1,2,URBANO,Ciudades y aglomeraciones,540000000
2022,3,2,URBANO,Ciudades y aglomeraciones,250000000
2022,1,1,URBANO,Ciudades y aglomeraciones,350000000
2021,1,4,URBANO,Ciudades y aglomeraciones,130000000
2023,1,2,URBANO,Ciudades y aglomeraciones,80000000
2021,1,1,URBANO,Ciudades y aglomeraciones,900000000
2022,2,2,SIN INFORMACION,Ciudades y aglomeraciones,180000000
2023,2,1,URBANO,Ciudades y aglomeraciones,70000000
2023,2,2,URBANO,Ciudades y aglomeraciones,90000000
2021,1,1,URBANO,Ciudades y aglomeraciones,150000000
2022,1,1,URBANO,Ciudades y aglomeraciones,320000000
2023,1,1,URBANO,Ciudades y aglomeraciones,300000000
2023,1,1,URBANO,Ciudades y aglomeraciones,105036000
2021,1,2,URBANO,Ciudades y aglomeraciones,700000000
2021,1,1,URBANO,Ciudades y aglomeraciones,480000000
2021,2,1,URBANO,Ciudades y aglomeraciones,222000000
2022,1,1,URBANO,Ciudades y aglomeraciones,16500000
2022,1,1,URBANO,Ciudades y aglomeraciones,8000000.0
2021,1,1,URBANO,Ciudades y aglomeraciones,5000000.0
2022,1,2,URBANO,Ciudades y aglomeraciones,910000000
2021,1,1,URBANO,Ciudades y aglomeraciones,7000000.0
2022,2,1,URBANO,Ciudades y aglomeraciones,800000000
2021,2,1,URBANO,Rural,10000000
2021,1,3,URBANO,Ciudades y aglomeraciones,650000000
2023,2,2,URBANO,Ciudades y aglomeraciones,3840000.0
2023,1,1,URBANO,Ciudades y aglomeraciones,554000000
2023,2,6,URBANO,Ciudades y aglomeraciones,686750020
2022,1,1,URBANO,Ciudades y aglomeraciones,12999999500
2021,1,5,URBANO,Ciudades y aglomeraciones,280000000
2023,1,1,URBANO,Ciudades y aglomeraciones,646588990
2023,1,3,URBANO,Ciudades y aglomeraciones,376294016
2022,5,1,URBANO,Ciudades y aglomeraciones,132000000
2022,1,2,URBANO,Rural,12000000
2023,8,2,URBANO,Ciudades y aglomeraciones,3203000060
2021,1,2,URBANO,Ciudades y aglomeraciones,450000000
2021,1,2,URBANO,Ciudades y aglomeraciones,450000000
2023,1,2,URBANO,Ciudades y aglomeraciones,540000000
2023,3,3,URBANO,Ciudades y aglomeraciones,420000000
2023,1,1,URBANO,Ciudades y aglomeraciones,3340000.0
2023,1,1,URBANO,Ciudades y aglomeraciones,3340000.0
2022,1,1,URBANO,Ciudades y aglomeraciones,550000000
2023,2,2,URBANO,Ciudades y aglomeraciones,530000000
2023,1,2,URBANO,Ciudades y aglomeraciones,625000000
2023,1,2,URBANO,Ciudades y aglomeraciones,625000000
2023,1,1,URBANO,Ciudades y aglomeraciones,1446000000
2022,1,1,URBANO,Ciudades y aglomeraciones,1700000000
2022,1,1,URBANO,Ciudades y aglomeraciones,240000000
2023,1,1,URBANO,Ciudades y aglomeraciones,200000000
2021,2,1,URBANO,Ciudades y aglomeraciones,150000000
2023,2,10,URBANO,Ciudades y aglomeraciones,280000000
2023,2,2,URBANO,Ciudades y aglomeraciones,137000000
2022,1,2,URBANO,Ciudades y aglomeraciones,200000000
2022,2,3,URBANO,Ciudades y aglomeraciones,150000000
2022,3,1,URBANO,Ciudades y aglomeraciones,15000000
2023,2,10,URBANO,Ciudades y aglomeraciones,280000000
2022,2,3,URBANO,Ciudades y aglomeraciones,150000000
2023,2,2,URBANO,Ciudades y aglomeraciones,137000000
2023,1,1,URBANO,Ciudades y aglomeraciones,200000000
2022,3,1,URBANO,Ciudades y aglomeraciones,15000000
2022,1,2,URBANO,Ciudades y aglomeraciones,200000000
2021,1,1,URBANO,Rural,5000000.0
2021,2,1,URBANO,Ciudades y aglomeraciones,150000000
2023,2,10,URBANO,Ciudades y aglomeraciones,280000000
2023,2,2,URBANO,Ciudades y aglomeraciones,137000000
2023,1,1,URBANO,Ciudades y aglomeraciones,200000000
2022,3,1,URBANO,Ciudades y aglomeraciones,15000000
2022,1,2,URBANO,Ciudades y aglomeraciones,200000000
2022,2,1,URBANO,Ciudades y aglomeraciones,4500000.0
2021,1,2,URBANO,Ciudades y aglomeraciones,1500000000
2022,1,1,URBANO,Ciudades y aglomeraciones,180000000
2022,1,1,URBANO,Ciudades y aglomeraciones,330812000
2022,3,1,URBANO,Ciudades y aglomeraciones,825000000
2022,1,4,URBANO,Ciudades y aglomeraciones,1750000000
2022,1,2,URBANO,Ciudades y aglomeraciones,845000000
2022,1,2,URBANO,Ciudades y aglomeraciones,160000000
2023,8,6,URBANO,Ciudades y aglomeraciones,1098466050
2023,2,2,URBANO,Ciudades y aglomeraciones,200000000
2023,2,1,URBANO,Ciudades y aglomeraciones,850000000
2022,1,1,URBANO,Ciudades y aglomeraciones,860000000
2022,1,1,URBANO,Ciudades y aglomeraciones,245000000
2021,1,2,URBANO,Ciudades y aglomeraciones,170000000
2022,1,4,URBANO,Ciudades y aglomeraciones,4500000.0
2022,1,4,URBANO,Ciudades y aglomeraciones,4500000.0
2022,1,1,URBANO,Ciudades y aglomeraciones,3500000.0
2021,1,5,URBANO,Ciudades y aglomeraciones,1406000.0
2021,1,1,URBANO,Ciudades y aglomeraciones,1406000.0
2022,1,1,URBANO,Ciudades y aglomeraciones,7152609.0
2023,2,3,URBANO,Ciudades y aglomeraciones,210000000
2022,2,1,URBANO,Ciudades y aglomeraciones,744000000
2022,4,1,URBANO,Ciudades y aglomeraciones,1200000000
2022,1,1,URBANO,Ciudades y aglomeraciones,110000000
2023,6,2,URBANO,Ciudades y aglomeraciones,220000000
2021,1,1,URBANO,Ciudades y aglomeraciones,2500000000
2023,1,1,URBANO,Ciudades y aglomeraciones,1663000060
2021,1,4,URBANO,Ciudades y aglomeraciones,850000000
2023,2,4,URBANO,Ciudades y aglomeraciones,1362499970
2021,1,1,URBANO,Ciudades y aglomeraciones,214038000
2023,2,2,URBANO,Ciudades y aglomeraciones,321000000
2023,1,3,URBANO,Ciudades y aglomeraciones,320000000
2023,2,4,URBANO,Ciudades y aglomeraciones,422000000
2021,1,1,RURAL,Ciudades y aglomeraciones,177865952
2022,1,1,URBANO,Ciudades y aglomeraciones,580000000
2022,1,1,URBANO,Ciudades y aglomeraciones,848350530
2023,2,18,URBANO,Ciudades y aglomeraciones,400000000
2021,4,2,URBANO,Ciudades y aglomeraciones,1550000000
2023,4,2,URBANO,Ciudades y aglomeraciones,570859010
2022,1,1,URBANO,Ciudades y aglomeraciones,304180000
2021,1,1,URBANO,Ciudades y aglomeraciones,1000000.0
2021,1,1,URBANO,Ciudades y aglomeraciones,1000000.0
2021,1,1,URBANO,Ciudades y aglomeraciones,1000000.0
2021,1,1,URBANO,Ciudades y aglomeraciones,1000000.0
2021,1,1,URBANO,Ciudades y aglomeraciones,1000000.0
2021,1,1,URBANO,Ciudades y aglomeraciones,1000000.0
2021,1,1,URBANO,Ciudades y aglomeraciones,1000000.0
2021,1,1,URBANO,Ciudades y aglomeraciones,1000000.0
2022,2,1,URBANO,Ciudades y aglomeraciones,73000000
2021,2,1,URBANO,Ciudades y aglomeraciones,90000000
2023,1,1,URBANO,Ciudades y aglomeraciones,803600000
2022,2,1,URBANO,Ciudades y aglomeraciones,525886016
2021,2,3,URBANO,Ciudades y aglomeraciones,180000000
2022,2,1,URBANO,Ciudades y aglomeraciones,800000000
2022,1,1,URBANO,Ciudades y aglomeraciones,282124000
2023,1,1,URBANO,Ciudades y aglomeraciones,209660992
2023,6,2,URBANO,Ciudades y aglomeraciones,900000000
2023,1,1,URBANO,Ciudades y aglomeraciones,700000000
2022,2,1,URBANO,Ciudades y aglomeraciones,1200000000
2022,2,1,URBANO,Ciudades y aglomeraciones,3910489860
2022,1,1,URBANO,Ciudades y aglomeraciones,1231104000
2022,1,1,URBANO,Ciudades y aglomeraciones,1220000000
2022,1,1,URBANO,Ciudades y aglomeraciones,1400000000
2023,1,1,URBANO,Ciudades y aglomeraciones,5381562.0
2022,1,1,URBANO,Ciudades y aglomeraciones,2649999870
2021,2,1,URBANO,Ciudades y aglomeraciones,620000000
2023,4,2,URBANO,Ciudades y aglomeraciones,882198980
2021,1,1,URBANO,Ciudades y aglomeraciones,281000000
2023,1,5,URBANO,Ciudades y aglomeraciones,92000000
2023,2,16,URBANO,Ciudades y aglomeraciones,330000000
2021,1,1,URBANO,Ciudades y aglomeraciones,162000000
2023,2,8,URBANO,Ciudades y aglomeraciones,420000000
2023,1,1,URBANO,Ciudades y aglomeraciones,670000000
2023,1,1,URBANO,Ciudades y aglomeraciones,560000000
2023,2,4,URBANO,Ciudades y aglomeraciones,600000000
2023,2,1,URBANO,Ciudades y aglomeraciones,745000000
2023,2,4,URBANO,Ciudades y aglomeraciones,720000000
2023,1,2,URBANO,Ciudades y aglomeraciones,610000000
2023,2,1,URBANO,Ciudades y aglomeraciones,355000000
2021,2,1,URBANO,Ciudades y aglomeraciones,235000000
2022,1,1,URBANO,Ciudades y aglomeraciones,370000000
2023,1,1,URBANO,Ciudades y aglomeraciones,370000000
2022,1,3,URBANO,Ciudades y aglomeraciones,461964992
2022,2,2,URBANO,Ciudades y aglomeraciones,351000000
2021,1,1,URBANO,Rural,12000000
2022,1,3,URBANO,Ciudades y aglomeraciones,461964992
2022,2,2,URBANO,Ciudades y aglomeraciones,351000000
2022,1,1,URBANO,Ciudades y aglomeraciones,370000000
2023,1,1,URBANO,Ciudades y aglomeraciones,370000000
2022,2,2,URBANO,Ciudades y aglomeraciones,351000000
2022,1,1,URBANO,Ciudades y aglomeraciones,370000000
2023,1,1,URBANO,Ciudades y aglomeraciones,370000000
2022,1,3,URBANO,Ciudades y aglomeraciones,461964992
2021,1,3,URBANO,Ciudades y aglomeraciones,1452584960
2021,1,1,URBANO,Ciudades y aglomeraciones,600000000
2023,2,2,URBANO,Ciudades y aglomeraciones,1600000000
2021,1,1,URBANO,Ciudades y aglomeraciones,900000000
2023,2,2,URBANO,Ciudades y aglomeraciones,850000000
2021,1,1,URBANO,Ciudades y aglomeraciones,380000000
2021,1,1,RURAL,Rural,8000000.0
2022,1,2,URBANO,Ciudades y aglomeraciones,654000000
2023,4,2,URBANO,Ciudades y aglomeraciones,755000000
2021,1,4,URBANO,Ciudades y aglomeraciones,390000000
2023,2,2,URBANO,Ciudades y aglomeraciones,980000000
2021,1,1,URBANO,Ciudades y aglomeraciones,380000000
2021,2,1,URBANO,Ciudades y aglomeraciones,760000000
2023,2,2,URBANO,Ciudades y aglomeraciones,1000000000
2023,2,2,URBANO,Ciudades y aglomeraciones,1200000000
2023,2,4,URBANO,Ciudades y aglomeraciones,113000000
2021,1,1,URBANO,Ciudades y aglomeraciones,200000000
2023,1,1,URBANO,Ciudades y aglomeraciones,70000000
2022,1,1,URBANO,Ciudades y aglomeraciones,840000000
2023,1,2,URBANO,Ciudades y aglomeraciones,530000000
2023,2,2,URBANO,Ciudades y aglomeraciones,700000000
2022,1,4,URBANO,Ciudades y aglomeraciones,832279300
2022,2,1,URBANO,Rural,18000000
2022,1,1,URBANO,Ciudades y aglomeraciones,105000000
2023,6,2,URBANO,Ciudades y aglomeraciones,105000000
2023,1,5,URBANO,Ciudades y aglomeraciones,4000000.0
2021,1,1,URBANO,Ciudades y aglomeraciones,19000.0
2023,1,1,URBANO,Ciudades y aglomeraciones,510000000
2023,2,4,URBANO,Ciudades y aglomeraciones,930000000
2022,2,2,URBANO,Ciudades y aglomeraciones,2400000000
2022,2,1,URBANO,Ciudades y aglomeraciones,156000000
2023,2,4,URBANO,Ciudades y aglomeraciones,520000000
2023,2,16,URBANO,Ciudades y aglomeraciones,330000000
2023,1,1,URBANO,Ciudades y aglomeraciones,8000000.0
2021,1,1,URBANO,Ciudades y aglomeraciones,110000000
2022,3,2,URBANO,Ciudades y aglomeraciones,350000000
2022,1,1,URBANO,Ciudades y aglomeraciones,70000000
2021,1,1,URBANO,Ciudades y aglomeraciones,1075000060
2021,1,2,URBANO,Ciudades y aglomeraciones,380000000
2022,1,4,URBANO,Ciudades y aglomeraciones,150000000
2021,1,1,URBANO,Ciudades y aglomeraciones,600000000
2022,1,1,URBANO,Ciudades y aglomeraciones,8470000.0
2022,1,2,URBANO,Ciudades y aglomeraciones,38000000
2023,4,4,URBANO,Ciudades y aglomeraciones,400000000
2023,4,4,URBANO,Ciudades y aglomeraciones,400000000
2021,2,3,URBANO,Ciudades y aglomeraciones,460000000
2022,1,1,URBANO,Ciudades y aglomeraciones,960000000
2023,4,2,URBANO,Ciudades y aglomeraciones,102000000
2022,2,1,URBANO,Ciudades y aglomeraciones,8000000.0
2022,2,1,URBANO,Ciudades y aglomeraciones,8000000.0
2023,2,2,URBANO,Ciudades y aglomeraciones,800000000
2021,1,2,URBANO,Ciudades y aglomeraciones,1800000000
2023,1,1,URBANO,Ciudades y aglomeraciones,442000000
2022,1,1,URBANO,Ciudades y aglomeraciones,220000000
2022,1,1,URBANO,Ciudades y aglomeraciones,30000000
2023,2,2,URBANO,Ciudades y aglomeraciones,4300000.0
2021,1,1,URBANO,Ciudades y aglomeraciones,2000000.0
2022,1,3,URBANO,Ciudades y aglomeraciones,220000000
2021,3,4,URBANO,Ciudades y aglomeraciones,334000000
2023,3,6,URBANO,Ciudades y aglomeraciones,300000000
2021,1,1,URBANO,Ciudades y aglomeraciones,70000000
2023,2,2,URBANO,Ciudades y aglomeraciones,465000000
2021,1,2,URBANO,Ciudades y aglomeraciones,481000000
2023,1,6,URBANO,Ciudades y aglomeraciones,8000000.0
2023,1,6,URBANO,Ciudades y aglomeraciones,8000000.0
2023,2,2,URBANO,Ciudades y aglomeraciones,4300000.0
2022,1,1,URBANO,Ciudades y aglomeraciones,35000000
2022,1,1,URBANO,Ciudades y aglomeraciones,494000000
2022,1,1,URBANO,Ciudades y aglomeraciones,600000000
2021,1,5,URBANO,Ciudades y aglomeraciones,500000000
2022,1,7,URBANO,Ciudades y aglomeraciones,650000000
2023,2,4,URBANO,Ciudades y aglomeraciones,1100000000
2021,1,1,URBANO,Ciudades y aglomeraciones,4000000.0
2022,1,2,URBANO,Ciudades y aglomeraciones,1870000000
2021,3,10,URBANO,Ciudades y aglomeraciones,290909088
2023,1,12,URBANO,Ciudades y aglomeraciones,230000000
2022,1,1,URBANO,Ciudades y aglomeraciones,480000000
2023,30,2,URBANO,Ciudades y aglomeraciones,250158000
2022,2,2,URBANO,Ciudades y aglomeraciones,722000000
2022,1,4,URBANO,Ciudades y aglomeraciones,40000000
2023,2,2,URBANO,Ciudades y aglomeraciones,270000000
2022,1,2,URBANO,Ciudades y aglomeraciones,350000000
2022,1,1,URBANO,Ciudades y aglomeraciones,640000000
2022,1,2,URBANO,Ciudades y aglomeraciones,415000000
2023,2,1,URBANO,Ciudades y aglomeraciones,417000000
2022,1,1,URBANO,Ciudades y aglomeraciones,470000000
2021,1,1,URBANO,Ciudades y aglomeraciones,2250000.0
2021,1,1,URBANO,Ciudades y aglomeraciones,2250000.0
2022,1,1,URBANO,Ciudades y aglomeraciones,9500000.0
2023,2,2,URBANO,Ciudades y aglomeraciones,5000000.0
2022,1,1,URBANO,Ciudades y aglomeraciones,9500000.0
2023,2,2,URBANO,Ciudades y aglomeraciones,10000000
2022,1,2,URBANO,Ciudades y aglomeraciones,150000000
2021,2,1,URBANO,Ciudades y aglomeraciones,210000000
2021,1,1,URBANO,Ciudades y aglomeraciones,1540000000
2021,1,1,URBANO,Ciudades y aglomeraciones,85000000
2023,2,2,URBANO,Ciudades y aglomeraciones,95000000
2022,1,1,URBANO,Ciudades y aglomeraciones,3300000.0
2021,1,1,URBANO,Ciudades y aglomeraciones,290000000
2021,1,1,URBANO,Ciudades y aglomeraciones,50000000
2022,1,1,URBANO,Ciudades y aglomeraciones,2000000000
2022,1,5,URBANO,Ciudades y aglomeraciones,1954953980
2023,1,1,URBANO,Ciudades y aglomeraciones,730000000
2022,1,2,URBANO,Ciudades y aglomeraciones,320000000
2023,1,4,URBANO,Ciudades y aglomeraciones,385000000
2023,2,2,URBANO,Ciudades y aglomeraciones,280000000
2023,2,10,URBANO,Ciudades y aglomeraciones,6000000.0
2022,1,3,URBANO,Ciudades y aglomeraciones,600000000
2022,2,9,URBANO,Ciudades y aglomeraciones,800000000
2022,1,1,URBANO,Ciudades y aglomeraciones,1073947010
2021,4,1,URBANO,Ciudades y aglomeraciones,309000000
2023,1,4,URBANO,Ciudades y aglomeraciones,1363812990
2022,1,1,URBANO,Ciudades y aglomeraciones,400000000
2023,2,4,URBANO,Ciudades y aglomeraciones,450000000
2023,1,1,URBANO,Ciudades y aglomeraciones,1714221950
2023,1,1,URBANO,Ciudades y aglomeraciones,550000000
2022,1,2,URBANO,Ciudades y aglomeraciones,220000000
2022,1,3,URBANO,Ciudades y aglomeraciones,105000000
2023,1,1,URBANO,Ciudades y aglomeraciones,550000000
2023,1,1,URBANO,Ciudades y aglomeraciones,319595008
2022,1,1,URBANO,Ciudades y aglomeraciones,400000000
2022,1,2,URBANO,Ciudades y aglomeraciones,220000000
2021,4,1,URBANO,Ciudades y aglomeraciones,309000000
2023,1,4,URBANO,Ciudades y aglomeraciones,1363812990
2023,2,4,URBANO,Ciudades y aglomeraciones,450000000
2023,2,2,URBANO,Ciudades y aglomeraciones,220000000
2023,2,1,URBANO,Ciudades y aglomeraciones,230000000
2021,1,1,URBANO,Ciudades y aglomeraciones,669315840
2023,1,1,URBANO,Ciudades y aglomeraciones,727833020
2021,1,4,URBANO,Ciudades y aglomeraciones,2500000.0
2022,1,1,URBANO,Ciudades y aglomeraciones,650000000
2022,2,2,URBANO,Ciudades y aglomeraciones,82000000
2022,2,1,URBANO,Ciudades y aglomeraciones,235000000
2022,2,1,URBANO,Ciudades y aglomeraciones,235000000
2022,1,6,URBANO,Ciudades y aglomeraciones,50000000
2021,2,1,URBANO,Ciudades y aglomeraciones,71000000
2022,1,2,URBANO,Ciudades y aglomeraciones,700000000
2021,1,1,URBANO,Ciudades y aglomeraciones,200000000
2023,1,1,URBANO,Ciudades y aglomeraciones,490900000
2022,1,2,URBANO,Ciudades y aglomeraciones,590000000
2022,1,2,URBANO,Ciudades y aglomeraciones,517000000
2022,2,1,URBANO,Ciudades y aglomeraciones,820000000
2021,1,1,URBANO,Ciudades y aglomeraciones,190000000
2021,1,1,URBANO,Ciudades y aglomeraciones,200000000
2022,1,1,URBANO,Ciudades y aglomeraciones,222000000
2022,1,1,URBANO,Ciudades y aglomeraciones,517785984
2022,1,2,URBANO,Ciudades y aglomeraciones,605000000
2022,1,1,URBANO,Ciudades y aglomeraciones,35000000
2022,1,1,URBANO,Ciudades y aglomeraciones,1190000000
2021,1,2,URBANO,Ciudades y aglomeraciones,150000000
2023,1,1,URBANO,Ciudades y aglomeraciones,200000000
2023,2,10,URBANO,Ciudades y aglomeraciones,233000000
2022,1,2,URBANO,Ciudades y aglomeraciones,1050000000
2023,1,2,URBANO,Ciudades y aglomeraciones,1000000000
2023,1,1,URBANO,Ciudades y aglomeraciones,190000000
2022,1,1,URBANO,Ciudades y aglomeraciones,3000000000
2022,2,12,URBANO,Ciudades y aglomeraciones,220000000
2021,1,2,URBANO,Ciudades y aglomeraciones,80000000
2021,2,2,URBANO,Ciudades y aglomeraciones,510000000
2022,1,1,URBANO,Ciudades y aglomeraciones,279590016
2022,1,1,URBANO,Ciudades y aglomeraciones,4000000000
2022,1,1,URBANO,Ciudades y aglomeraciones,506652000
2023,1,1,URBANO,Ciudades y aglomeraciones,3300000.0
2023,4,2,URBANO,Ciudades y aglomeraciones,365000000
2022,1,2,URBANO,Ciudades y aglomeraciones,220000000
2022,2,1,URBANO,Ciudades y aglomeraciones,200000000
2022,2,2,URBANO,Ciudades y aglomeraciones,200000000
2021,1,1,URBANO,Ciudades y aglomeraciones,58200000
2022,2,2,URBANO,Ciudades y aglomeraciones,240000000
2023,2,4,URBANO,Ciudades y aglomeraciones,128600000
2021,1,1,URBANO,Ciudades y aglomeraciones,130000000
2023,2,2,URBANO,Ciudades y aglomeraciones,80000000
2023,2,2,URBANO,Ciudades y aglomeraciones,2249999870
2022,1,1,URBANO,Ciudades y aglomeraciones,141000000
2022,1,1,URBANO,Ciudades y aglomeraciones,3500000.0
2021,1,2,URBANO,Ciudades y aglomeraciones,728241020
2023,1,1,URBANO,Ciudades y aglomeraciones,60000000
2022,2,1,URBANO,Ciudades y aglomeraciones,250000000
2023,4,2,URBANO,Ciudades y aglomeraciones,395000000
2022,1,1,URBANO,Ciudades y aglomeraciones,1300000000
2023,1,2,URBANO,Ciudades y aglomeraciones,40000000
2022,4,1,URBANO,Ciudades y aglomeraciones,50000000
2021,1,5,URBANO,Ciudades y aglomeraciones,1140000000
2023,1,2,URBANO,Ciudades y aglomeraciones,1800000000
2022,2,1,URBANO,Ciudades y aglomeraciones,1800000000
2022,1,1,URBANO,Ciudades y aglomeraciones,1100000000
2023,4,14,URBANO,Ciudades y aglomeraciones,464663008
2022,1,1,URBANO,Ciudades y aglomeraciones,850000000
2022,1,4,URBANO,Ciudades y aglomeraciones,3150000.0
2023,2,2,URBANO,Ciudades y aglomeraciones,7000000.0
2023,2,2,URBANO,Ciudades y aglomeraciones,7000000.0
2021,2,1,URBANO,Ciudades y aglomeraciones,170000000
2023,2,2,URBANO,Ciudades y aglomeraciones,1150000000
2022,2,1,URBANO,Ciudades y aglomeraciones,300000000
2022,1,1,URBANO,Ciudades y aglomeraciones,640000000
2021,1,2,URBANO,Ciudades y aglomeraciones,700000000
2023,4,2,URBANO,Ciudades y aglomeraciones,75000000
2021,1,2,URBANO,Ciudades y aglomeraciones,300000000
2023,2,2,URBANO,Ciudades y aglomeraciones,200000000
2022,1,1,URBANO,Ciudades y aglomeraciones,151000000
2022,1,1,URBANO,Ciudades y aglomeraciones,3000000000
2023,2,2,URBANO,Ciudades y aglomeraciones,850000000
2023,1,1,URBANO,Ciudades y aglomeraciones,710000000
2023,1,1,URBANO,Ciudades y aglomeraciones,710000000
2023,2,1,URBANO,Ciudades y aglomeraciones,25000000
2022,2,1,URBANO,Ciudades y aglomeraciones,400000000
2022,2,1,URBANO,Ciudades y aglomeraciones,400000000
2022,2,1,URBANO,Ciudades y aglomeraciones,400000000
2022,2,1,URBANO,Ciudades y aglomeraciones,332000000
2023,2,3,URBANO,Ciudades y aglomeraciones,760000000
2022,1,1,URBANO,Ciudades y aglomeraciones,320000000
2021,2,1,URBANO,Ciudades y aglomeraciones,340000000
2021,1,1,URBANO,Ciudades y aglomeraciones,320000000
2023,2,2,URBANO,Ciudades y aglomeraciones,450000000
2023,2,2,URBANO,Ciudades y aglomeraciones,30000000
2023,2,2,URBANO,Ciudades y aglomeraciones,450000000
2021,1,1,URBANO,Ciudades y aglomeraciones,320000000
2021,2,1,URBANO,Ciudades y aglomeraciones,340000000
2023,2,2,URBANO,Ciudades y aglomeraciones,450000000
2023,2,2,URBANO,Ciudades y aglomeraciones,30000000
2021,1,1,URBANO,Ciudades y aglomeraciones,320000000
2023,2,2,URBANO,Ciudades y aglomeraciones,450000000
2021,2,1,URBANO,Ciudades y aglomeraciones,340000000
2023,2,2,URBANO,Ciudades y aglomeraciones,210000000
2023,1,1,URBANO,Ciudades y aglomeraciones,490000000
2023,3,3,URBANO,Ciudades y aglomeraciones,383150016
2022,1,1,URBANO,Ciudades y aglomeraciones,45000000
2022,1,1,URBANO,Ciudades y aglomeraciones,20000000
2021,1,2,URBANO,Ciudades y aglomeraciones,70000000
2021,1,2,URBANO,Ciudades y aglomeraciones,70000000
2022,2,3,URBANO,Ciudades y aglomeraciones,260000000
2023,2,2,URBANO,Ciudades y aglomeraciones,315000000
2022,1,1,URBANO,Ciudades y aglomeraciones,600000000
2023,1,1,URBANO,Ciudades y aglomeraciones,450000000
2022,2,5,URBANO,Ciudades y aglomeraciones,800000000
2023,1,1,URBANO,Ciudades y aglomeraciones,450000000
2022,2,2,URBANO,Ciudades y aglomeraciones,170000000
2022,3,9,URBANO,Ciudades y aglomeraciones,620000000
2023,1,1,URBANO,Ciudades y aglomeraciones,3500000.0
2023,1,1,URBANO,Ciudades y aglomeraciones,630000000
2022,1,1,URBANO,Ciudades y aglomeraciones,200000000
2022,1,1,URBANO,Ciudades y aglomeraciones,135000000
2021,1,1,URBANO,Ciudades y aglomeraciones,1398000.0
2023,1,1,URBANO,Ciudades y aglomeraciones,6572000.0
2023,1,1,URBANO,Ciudades y aglomeraciones,3286000.0
2023,1,1,URBANO,Ciudades y aglomeraciones,6572000.0
2022,1,1,URBANO,Ciudades y aglomeraciones,3966667.0
2023,2,2,URBANO,Ciudades y aglomeraciones,1150000000
2023,1,1,URBANO,Ciudades y aglomeraciones,7900000.0
2023,1,1,URBANO,Ciudades y aglomeraciones,7900000.0
2021,1,1,URBANO,Ciudades y aglomeraciones,238000000
2023,2,4,URBANO,Ciudades y aglomeraciones,1500000000
2022,1,1,URBANO,Ciudades y aglomeraciones,315000000
2021,2,1,URBANO,Ciudades y aglomeraciones,162000000
2023,4,2,URBANO,Ciudades y aglomeraciones,850000000
2023,1,1,URBANO,Ciudades y aglomeraciones,1500000.0
2022,1,1,URBANO,Ciudades y aglomeraciones,140419008
2022,1,1,URBANO,Ciudades y aglomeraciones,114000000
2022,1,1,URBANO,Ciudades y aglomeraciones,111000000
2022,1,1,URBANO,Ciudades y aglomeraciones,125000000
2022,1,1,URBANO,Ciudades y aglomeraciones,90770000
2022,2,1,URBANO,Ciudades y aglomeraciones,138000000
2022,1,1,URBANO,Ciudades y aglomeraciones,413000000
2022,1,1,URBANO,Ciudades y aglomeraciones,430000000
2023,2,4,URBANO,Ciudades y aglomeraciones,1295000060
2022,1,1,URBANO,Ciudades y aglomeraciones,413000000
2022,3,10,URBANO,Ciudades y aglomeraciones,113577376
2022,2,2,URBANO,Ciudades y aglomeraciones,58000000
2021,1,1,URBANO,Ciudades y aglomeraciones,150000000
2022,1,1,URBANO,Ciudades y aglomeraciones,315000000
2023,1,3,URBANO,Ciudades y aglomeraciones,1932000000
2022,1,2,URBANO,Ciudades y aglomeraciones,450000000
2021,1,2,URBANO,Ciudades y aglomeraciones,2067630980
2022,1,1,URBANO,Ciudades y aglomeraciones,2200000000
2022,1,1,URBANO,Ciudades y aglomeraciones,2200000000
2021,1,1,URBANO,Ciudades y aglomeraciones,160000000
2021,1,3,URBANO,Ciudades y aglomeraciones,130000000
2023,2,2,URBANO,Ciudades y aglomeraciones,13069203500
2021,1,2,URBANO,Ciudades y aglomeraciones,350000000
2022,2,1,URBANO,Ciudades y aglomeraciones,350000000
2023,2,4,URBANO,Ciudades y aglomeraciones,385000000
2022,1,1,URBANO,Ciudades y aglomeraciones,230000000
2022,2,5,URBANO,Ciudades y aglomeraciones,150000000
2022,2,5,URBANO,Ciudades y aglomeraciones,150000000
2022,4,1,URBANO,Ciudades y aglomeraciones,351086720
2022,4,1,URBANO,Ciudades y aglomeraciones,351086720
2023,2,2,URBANO,Ciudades y aglomeraciones,300000000
2022,1,2,URBANO,Ciudades y aglomeraciones,2225444860
2022,1,2,URBANO,Ciudades y aglomeraciones,2225444860
2021,1,1,URBANO,Ciudades y aglomeraciones,4000000.0
2022,1,1,URBANO,Ciudades y aglomeraciones,1450000.0
2021,2,1,URBANO,Ciudades y aglomeraciones,450000000
2023,2,2,URBANO,Ciudades y aglomeraciones,1888733950
2023,3,1,URBANO,Ciudades y aglomeraciones,480000000
2023,2,1,URBANO,Ciudades y aglomeraciones,927000000
2023,4,2,URBANO,Ciudades y aglomeraciones,450000000
2022,2,1,URBANO,Ciudades y aglomeraciones,250000000
2023,2,2,URBANO,Ciudades y aglomeraciones,2500000.0
2022,1,1,URBANO,Ciudades y aglomeraciones,2550000130
2022,1,1,URBANO,Ciudades y aglomeraciones,85000000
2022,1,1,URBANO,Ciudades y aglomeraciones,1070000000
2021,1,1,URBANO,Ciudades y aglomeraciones,1500000.0
2023,2,16,URBANO,Ciudades y aglomeraciones,1800000000
2022,1,1,URBANO,Ciudades y aglomeraciones,660000000
2023,2,2,URBANO,Ciudades y aglomeraciones,1550000000
2023,4,2,URBANO,Ciudades y aglomeraciones,52000000
2022,1,1,URBANO,Ciudades y aglomeraciones,650000000
2022,1,2,URBANO,Ciudades y aglomeraciones,370000000
2021,1,1,URBANO,Ciudades y aglomeraciones,940000000
2022,1,1,URBANO,Ciudades y aglomeraciones,610000000
2023,2,2,URBANO,Ciudades y aglomeraciones,650000000
2022,1,2,URBANO,Ciudades y aglomeraciones,1500000000
2021,1,1,URBANO,Ciudades y aglomeraciones,89000000
2022,1,4,URBANO,Ciudades y aglomeraciones,850000000
2022,1,1,URBANO,Ciudades y aglomeraciones,1080321020
2022,1,1,URBANO,Ciudades y aglomeraciones,1080321020
2022,1,1,URBANO,Ciudades y aglomeraciones,245000000
2022,4,1,URBANO,Ciudades y aglomeraciones,160000000
2023,2,8,URBANO,Ciudades y aglomeraciones,2700000.0
2023,2,2,URBANO,Ciudades y aglomeraciones,345000000
2022,1,1,URBANO,Ciudades y aglomeraciones,161000000
2023,2,4,URBANO,Ciudades y aglomeraciones,600000000
2021,2,1,URBANO,Ciudades y aglomeraciones,580000000
2021,2,13,URBANO,Ciudades y aglomeraciones,600000000
2023,1,1,URBANO,Ciudades y aglomeraciones,500000000
2023,1,1,URBANO,Ciudades y aglomeraciones,500000000
2021,1,1,URBANO,Ciudades y aglomeraciones,276300000
2022,1,1,URBANO,Ciudades y aglomeraciones,2164999940
2021,2,1,URBANO,Ciudades y aglomeraciones,14000000
2022,2,1,URBANO,Ciudades y aglomeraciones,60000000
2023,1,1,URBANO,Ciudades y aglomeraciones,3286000.0
2021,2,11,URBANO,Ciudades y aglomeraciones,390000000
2021,1,1,URBANO,Ciudades y aglomeraciones,298000000
2022,1,1,URBANO,Ciudades y aglomeraciones,80000000
2022,1,1,URBANO,Ciudades y aglomeraciones,80000000
2023,1,3,URBANO,Ciudades y aglomeraciones,320000000
2023,4,6,URBANO,Ciudades y aglomeraciones,355000000
2023,1,7,URBANO,Ciudades y aglomeraciones,356000000
2021,1,1,URBANO,Ciudades y aglomeraciones,278000000
2022,1,2,URBANO,Ciudades y aglomeraciones,100000000
2023,1,2,URBANO,Ciudades y aglomeraciones,300000000
2022,1,1,URBANO,Ciudades y aglomeraciones,380000000
2023,4,4,URBANO,Ciudades y aglomeraciones,540000000
2022,1,1,URBANO,Ciudades y aglomeraciones,145000000
2023,2,2,URBANO,Ciudades y aglomeraciones,388873984
2021,2,1,URBANO,Ciudades y aglomeraciones,676658500
2021,1,2,URBANO,Ciudades y aglomeraciones,105000000
2023,1,1,URBANO,Ciudades y aglomeraciones,3300000.0
2023,2,8,URBANO,Ciudades y aglomeraciones,835417020
2023,3,1,URBANO,Ciudades y aglomeraciones,2379546880
2022,1,1,URBANO,Ciudades y aglomeraciones,800000000
2023,4,4,URBANO,Ciudades y aglomeraciones,580000000
2021,1,1,URBANO,Ciudades y aglomeraciones,2500000.0
2023,4,2,URBANO,Ciudades y aglomeraciones,670000000
2022,1,1,URBANO,Ciudades y aglomeraciones,6300000.0
2022,1,1,URBANO,Ciudades y aglomeraciones,437000000
2022,1,1,URBANO,Ciudades y aglomeraciones,350000000
2023,1,1,URBANO,Ciudades y aglomeraciones,369000000
2021,2,5,URBANO,Ciudades y aglomeraciones,530000000
2023,1,2,URBANO,Ciudades y aglomeraciones,350000000
2022,1,1,URBANO,Ciudades y aglomeraciones,520000000
2022,1,1,URBANO,Ciudades y aglomeraciones,390000000
2022,1,2,URBANO,Ciudades y aglomeraciones,420000000
2022,1,1,URBANO,Ciudades y aglomeraciones,309000000
2023,4,2,URBANO,Ciudades y aglomeraciones,550000000
2023,3,1,URBANO,Ciudades y aglomeraciones,513000000
2021,1,2,URBANO,Ciudades y aglomeraciones,455000000
2023,2,1,URBANO,Ciudades y aglomeraciones,150000000
2022,1,1,URBANO,Ciudades y aglomeraciones,110000000
2021,1,1,URBANO,Ciudades y aglomeraciones,3500000.0
2021,1,1,URBANO,Ciudades y aglomeraciones,32000000
2022,2,1,URBANO,Ciudades y aglomeraciones,32000000
2022,1,1,URBANO,Ciudades y aglomeraciones,180000000
2021,1,1,URBANO,Ciudades y aglomeraciones,512000000
2023,2,2,URBANO,Ciudades y aglomeraciones,700000000
2022,1,1,URBANO,Ciudades y aglomeraciones,185000000
2021,1,1,URBANO,Ciudades y aglomeraciones,512000000
2023,2,2,URBANO,Ciudades y aglomeraciones,700000000
2021,2,1,URBANO,Ciudades y aglomeraciones,160000000
2023,1,1,URBANO,Ciudades y aglomeraciones,890910020
2022,1,5,URBANO,Ciudades y aglomeraciones,360000000
2022,1,32,URBANO,Ciudades y aglomeraciones,170287200
2023,2,1,URBANO,Ciudades y aglomeraciones,750000000
2022,1,1,URBANO,Ciudades y aglomeraciones,2100000000
2022,1,1,URBANO,Ciudades y aglomeraciones,2100000000
2021,2,1,URBANO,Ciudades y aglomeraciones,180000000
2022,1,1,URBANO,Ciudades y aglomeraciones,3150000.0
2023,2,2,URBANO,Ciudades y aglomeraciones,160000000
2023,1,2,URBANO,Ciudades y aglomeraciones,950000000
2021,1,1,URBANO,Ciudades y aglomeraciones,1600000.0
2021,1,1,URBANO,Ciudades y aglomeraciones,1400000.0
2022,1,1,URBANO,Ciudades y aglomeraciones,3000000.0
2023,2,2,URBANO,Ciudades y aglomeraciones,4000000.0
2022,1,1,URBANO,Ciudades y aglomeraciones,5000000.0
2023,2,2,URBANO,Ciudades y aglomeraciones,676000000
2022,1,1,URBANO,Ciudades y aglomeraciones,800000000
2021,1,1,URBANO,Ciudades y aglomeraciones,3500000.0
2022,1,1,URBANO,Ciudades y aglomeraciones,365000000
2023,1,1,URBANO,Ciudades y aglomeraciones,3286000.0
2022,1,4,URBANO,Ciudades y aglomeraciones,2368733700
2023,6,2,URBANO,Ciudades y aglomeraciones,700000000
2023,4,4,URBANO,Ciudades y aglomeraciones,475000000
2022,1,1,URBANO,Ciudades y aglomeraciones,20000000
2022,1,1,URBANO,Ciudades y aglomeraciones,20000000
2022,1,2,URBANO,Ciudades y aglomeraciones,330000000
2022,2,1,URBANO,Ciudades y aglomeraciones,330000000
2022,1,1,URBANO,Ciudades y aglomeraciones,20000000
2022,2,1,URBANO,Ciudades y aglomeraciones,330000000
2022,1,2,URBANO,Ciudades y aglomeraciones,330000000
2022,2,1,URBANO,Ciudades y aglomeraciones,330000000
2022,2,1,URBANO,Ciudades y aglomeraciones,330000000
2022,1,2,URBANO,Ciudades y aglomeraciones,330000000
2022,1,4,URBANO,Ciudades y aglomeraciones,2668266500
2022,4,1,RURAL,Ciudades y aglomeraciones,10000000000
2023,1,1,URBANO,Ciudades y aglomeraciones,670000000
2023,1,1,URBANO,Ciudades y aglomeraciones,440000000
2023,1,1,URBANO,Ciudades y aglomeraciones,3286000.0
2022,1,1,URBANO,Ciudades y aglomeraciones,1450000.0
2022,1,1,URBANO,Ciudades y aglomeraciones,35000000
2021,1,6,URBANO,Ciudades y aglomeraciones,950000000
2022,1,1,URBANO,Ciudades y aglomeraciones,540000000
2023,1,1,URBANO,Ciudades y aglomeraciones,200000000
2023,2,2,URBANO,Ciudades y aglomeraciones,2889600000
2021,1,1,URBANO,Ciudades y aglomeraciones,175000000
2023,8,2,URBANO,Ciudades y aglomeraciones,250943008
2023,1,1,URBANO,Ciudades y aglomeraciones,1400000.0
2023,2,2,URBANO,Ciudades y aglomeraciones,170000000
2022,1,1,URBANO,Ciudades y aglomeraciones,20000000
2023,1,1,URBANO,Ciudades y aglomeraciones,22000000
2023,2,2,URBANO,Ciudades y aglomeraciones,899480000
2021,1,1,URBANO,Ciudades y aglomeraciones,500000000
2022,1,2,URBANO,Ciudades y aglomeraciones,70000000
2021,1,2,URBANO,Ciudades y aglomeraciones,395000000
2021,1,2,URBANO,Ciudades y aglomeraciones,7000000.0
2021,1,2,URBANO,Ciudades y aglomeraciones,31000000
2021,1,2,URBANO,Ciudades y aglomeraciones,7000000.0
2022,2,3,URBANO,Ciudades y aglomeraciones,860000000
2022,1,1,URBANO,Ciudades y aglomeraciones,114191000
2022,1,1,URBANO,Ciudades y aglomeraciones,380000000
2022,1,1,URBANO,Ciudades y aglomeraciones,380000000
2022,1,1,URBANO,Ciudades y aglomeraciones,740000000
2023,1,1,URBANO,Ciudades y aglomeraciones,4000000.0
2022,1,1,URBANO,Ciudades y aglomeraciones,835000000
2021,1,1,URBANO,Ciudades y aglomeraciones,360000000
2022,1,1,URBANO,Ciudades y aglomeraciones,700000000
2022,4,1,URBANO,Ciudades y aglomeraciones,590000000
2021,2,2,URBANO,Ciudades y aglomeraciones,50000000
2021,1,1,URBANO,Ciudades y aglomeraciones,300060000
2022,1,4,URBANO,Ciudades y aglomeraciones,2700000000
2023,1,1,URBANO,Ciudades y aglomeraciones,19000000
2023,2,2,URBANO,Ciudades y aglomeraciones,620000000
2023,2,2,URBANO,Ciudades y aglomeraciones,620000000
2023,1,1,URBANO,Ciudades y aglomeraciones,325000000
2022,1,1,URBANO,Ciudades y aglomeraciones,240000000
2023,1,1,URBANO,Ciudades y aglomeraciones,250000000
2022,1,1,URBANO,Ciudades y aglomeraciones,425000000
2021,1,1,URBANO,Ciudades y aglomeraciones,720000000
2021,2,2,URBANO,Ciudades y aglomeraciones,840000000
2023,2,2,URBANO,Ciudades y aglomeraciones,870000000
2022,2,2,URBANO,Ciudades y aglomeraciones,300000000
2022,2,1,URBANO,Ciudades y aglomeraciones,50000000
2022,1,1,URBANO,Ciudades y aglomeraciones,240000000
2023,1,1,URBANO,Ciudades y aglomeraciones,250000000
2022,1,1,URBANO,Ciudades y aglomeraciones,425000000
2021,1,1,URBANO,Ciudades y aglomeraciones,720000000
2022,1,1,URBANO,Ciudades y aglomeraciones,425000000
2021,1,1,URBANO,Ciudades y aglomeraciones,720000000
2023,2,2,URBANO,Ciudades y aglomeraciones,870000000
2021,2,2,URBANO,Ciudades y aglomeraciones,840000000
2021,1,1,URBANO,Ciudades y aglomeraciones,720000000
2021,2,2,URBANO,Ciudades y aglomeraciones,840000000
2023,2,2,URBANO,Ciudades y aglomeraciones,870000000
2022,2,1,URBANO,Ciudades y aglomeraciones,50000000
2022,1,1,URBANO,Ciudades y aglomeraciones,114287000
2023,1,1,URBANO,Ciudades y aglomeraciones,100000000
2022,1,2,URBANO,Ciudades y aglomeraciones,162000000
2021,2,1,URBANO,Ciudades y aglomeraciones,135000000
2022,2,1,URBANO,Ciudades y aglomeraciones,110000000
2021,1,2,URBANO,Ciudades y aglomeraciones,120000000
2023,1,1,URBANO,Ciudades y aglomeraciones,180000000
2023,1,1,URBANO,Ciudades y aglomeraciones,120000000
2023,1,1,URBANO,Ciudades y aglomeraciones,157000000
2021,1,1,URBANO,Ciudades y aglomeraciones,98000000
2021,1,1,URBANO,Ciudades y aglomeraciones,98000000
2021,1,1,URBANO,Ciudades y aglomeraciones,93000000
2021,1,2,URBANO,Ciudades y aglomeraciones,90000000
2022,1,1,URBANO,Ciudades y aglomeraciones,92803000
2023,4,2,URBANO,Ciudades y aglomeraciones,100000000
2021,1,1,URBANO,Ciudades y aglomeraciones,120000000
2023,1,11,URBANO,Ciudades y aglomeraciones,211000000
2021,1,10,URBANO,Ciudades y aglomeraciones,650000000
2023,1,1,URBANO,Ciudades y aglomeraciones,290000000
2023,1,1,URBANO,Ciudades y aglomeraciones,230692000
2021,1,2,URBANO,Ciudades y aglomeraciones,258000000
2022,1,2,URBANO,Ciudades y aglomeraciones,210000000
2023,3,2,URBANO,Ciudades y aglomeraciones,200000000
2021,1,1,URBANO,Ciudades y aglomeraciones,200000000
2021,2,2,URBANO,Ciudades y aglomeraciones,252000000
2023,1,1,URBANO,Ciudades y aglomeraciones,250000000
2023,1,1,URBANO,Ciudades y aglomeraciones,220000000
2022,2,1,URBANO,Ciudades y aglomeraciones,323000000
2021,2,1,URBANO,Ciudades y aglomeraciones,230000000
2022,1,1,URBANO,Ciudades y aglomeraciones,230000000
2022,2,2,URBANO,Ciudades y aglomeraciones,296000000
2023,2,1,URBANO,Ciudades y aglomeraciones,334000000
2022,2,2,URBANO,Ciudades y aglomeraciones,300000000
2023,1,2,URBANO,Ciudades y aglomeraciones,330000000
2021,1,1,URBANO,Ciudades y aglomeraciones,170000000
2022,1,1,URBANO,Ciudades y aglomeraciones,225000000
2021,1,1,URBANO,Ciudades y aglomeraciones,285000000
2023,1,1,URBANO,Ciudades y aglomeraciones,195000000
2022,1,1,URBANO,Ciudades y aglomeraciones,221160000
2021,1,2,URBANO,Ciudades y aglomeraciones,289000000
2022,1,1,URBANO,Ciudades y aglomeraciones,282000000
2023,2,1,URBANO,Ciudades y aglomeraciones,345000000
2022,1,1,URBANO,Ciudades y aglomeraciones,200000000
2023,1,1,URBANO,Ciudades y aglomeraciones,260000000
2022,1,1,URBANO,Ciudades y aglomeraciones,315000000
2023,1,1,URBANO,Ciudades y aglomeraciones,348000000
2022,1,1,URBANO,Ciudades y aglomeraciones,205000000
2021,1,2,URBANO,Ciudades y aglomeraciones,200000000
2021,1,1,URBANO,Ciudades y aglomeraciones,190000000
2022,1,1,URBANO,Ciudades y aglomeraciones,280000000
2023,1,1,URBANO,Ciudades y aglomeraciones,320000000
2022,2,2,URBANO,Ciudades y aglomeraciones,335000000
2022,1,1,URBANO,Ciudades y aglomeraciones,310000000
2023,2,1,URBANO,Ciudades y aglomeraciones,230000000
2022,1,2,URBANO,Ciudades y aglomeraciones,310000000
2023,2,1,URBANO,Ciudades y aglomeraciones,306000000
2022,3,2,URBANO,Ciudades y aglomeraciones,240000000
2021,1,1,URBANO,Ciudades y aglomeraciones,25000000
2022,1,1,URBANO,Ciudades y aglomeraciones,300000000
2023,1,2,URBANO,Ciudades y aglomeraciones,270000000
2023,1,2,URBANO,Ciudades y aglomeraciones,250000000
2023,1,1,URBANO,Ciudades y aglomeraciones,178100992
2022,1,1,URBANO,Ciudades y aglomeraciones,318000000
2021,1,1,URBANO,Ciudades y aglomeraciones,270000000
2022,1,1,URBANO,Ciudades y aglomeraciones,240000000
2022,2,1,URBANO,Ciudades y aglomeraciones,265000000
2022,1,2,URBANO,Ciudades y aglomeraciones,210000000
2021,1,1,URBANO,Ciudades y aglomeraciones,200000000
2021,2,1,URBANO,Ciudades y aglomeraciones,230000000
2023,1,1,URBANO,Ciudades y aglomeraciones,195000000
2022,1,1,URBANO,Ciudades y aglomeraciones,318000000
2022,1,1,URBANO,Ciudades y aglomeraciones,240000000
2022,2,2,URBANO,Ciudades y aglomeraciones,296000000
2022,1,1,URBANO,Ciudades y aglomeraciones,318000000
2023,1,2,URBANO,Ciudades y aglomeraciones,330000000
2022,1,2,URBANO,Ciudades y aglomeraciones,310000000
2021,1,2,URBANO,Ciudades y aglomeraciones,258000000
2022,1,1,URBANO,Ciudades y aglomeraciones,230000000
2023,2,1,URBANO,Ciudades y aglomeraciones,334000000
2023,1,2,URBANO,Ciudades y aglomeraciones,250000000
2021,1,1,URBANO,Ciudades y aglomeraciones,270000000
2023,2,1,URBANO,Ciudades y aglomeraciones,345000000
2022,1,1,URBANO,Ciudades y aglomeraciones,200000000
2023,2,1,URBANO,Ciudades y aglomeraciones,230000000
2023,1,2,URBANO,Ciudades y aglomeraciones,270000000
2021,1,1,URBANO,Ciudades y aglomeraciones,270000000
2022,1,1,URBANO,Ciudades y aglomeraciones,315000000
2023,1,1,URBANO,Ciudades y aglomeraciones,348000000
2023,1,1,URBANO,Ciudades y aglomeraciones,260000000
2022,2,2,URBANO,Ciudades y aglomeraciones,300000000
2022,1,1,URBANO,Ciudades y aglomeraciones,15696866
2023,1,1,URBANO,Ciudades y aglomeraciones,178100992
2022,3,2,URBANO,Ciudades y aglomeraciones,240000000
2021,1,1,URBANO,Ciudades y aglomeraciones,170000000
2022,1,2,URBANO,Ciudades y aglomeraciones,210000000
2023,2,1,URBANO,Ciudades y aglomeraciones,306000000
2022,1,1,URBANO,Ciudades y aglomeraciones,310000000
2023,3,2,URBANO,Ciudades y aglomeraciones,200000000
2021,1,1,URBANO,Ciudades y aglomeraciones,200000000
2021,1,2,URBANO,Ciudades y aglomeraciones,200000000
2023,1,1,URBANO,Ciudades y aglomeraciones,230692000
2023,1,1,URBANO,Ciudades y aglomeraciones,250000000
2022,1,1,URBANO,Ciudades y aglomeraciones,280000000
2023,1,1,URBANO,Ciudades y aglomeraciones,320000000
2022,2,1,URBANO,Ciudades y aglomeraciones,265000000
2021,1,1,URBANO,Ciudades y aglomeraciones,285000000
2023,1,1,URBANO,Ciudades y aglomeraciones,290000000
2022,3,1,URBANO,Ciudades y aglomeraciones,205000000
2021,1,1,URBANO,Ciudades y aglomeraciones,190000000
2022,1,1,URBANO,Ciudades y aglomeraciones,221160000
2021,2,2,URBANO,Ciudades y aglomeraciones,252000000
2022,2,1,URBANO,Ciudades y aglomeraciones,323000000
2023,1,1,URBANO,Ciudades y aglomeraciones,195000000
2021,1,2,URBANO,Ciudades y aglomeraciones,289000000
2023,1,1,URBANO,Ciudades y aglomeraciones,220000000
2022,1,1,URBANO,Ciudades y aglomeraciones,240000000
2022,1,1,URBANO,Ciudades y aglomeraciones,225000000
2022,1,1,URBANO,Ciudades y aglomeraciones,300000000
2022,1,1,URBANO,Ciudades y aglomeraciones,282000000
2022,2,2,URBANO,Ciudades y aglomeraciones,335000000
2022,1,1,URBANO,Ciudades y aglomeraciones,205000000
2021,2,1,URBANO,Ciudades y aglomeraciones,230000000
2021,1,1,URBANO,Ciudades y aglomeraciones,186500000
2021,1,2,URBANO,Ciudades y aglomeraciones,100000000
2022,1,1,URBANO,Ciudades y aglomeraciones,160000000
2023,1,1,URBANO,Ciudades y aglomeraciones,195000000
2021,1,1,URBANO,Ciudades y aglomeraciones,184000000
2022,2,1,URBANO,Ciudades y aglomeraciones,180000000
2022,1,1,URBANO,Ciudades y aglomeraciones,200000000
2021,1,1,URBANO,Ciudades y aglomeraciones,100000000
2021,1,1,URBANO,Ciudades y aglomeraciones,180000000
2022,1,2,URBANO,Ciudades y aglomeraciones,150000000
2023,1,1,URBANO,Ciudades y aglomeraciones,125000000
2022,1,1,URBANO,Ciudades y aglomeraciones,200000000
2022,1,2,URBANO,Ciudades y aglomeraciones,119000000
2023,1,1,URBANO,Ciudades y aglomeraciones,198512992
2022,1,1,URBANO,Ciudades y aglomeraciones,150000000
2023,1,1,URBANO,Ciudades y aglomeraciones,200000000
2023,2,2,URBANO,Ciudades y aglomeraciones,100000000
2023,1,1,URBANO,Ciudades y aglomeraciones,170000000
2022,3,3,URBANO,Ciudades y aglomeraciones,300000000
2022,1,1,URBANO,Ciudades y aglomeraciones,84000000
2022,1,1,URBANO,Ciudades y aglomeraciones,20000000
2023,3,1,URBANO,Ciudades y aglomeraciones,185000000
2022,1,3,URBANO,Ciudades y aglomeraciones,350000000
2022,2,1,URBANO,Ciudades y aglomeraciones,290000000
2023,1,2,URBANO,Ciudades y aglomeraciones,230000000
2022,1,3,URBANO,Ciudades y aglomeraciones,350000000
2022,2,2,URBANO,Ciudades y aglomeraciones,438000000
2022,2,1,URBANO,Ciudades y aglomeraciones,290000000
2023,1,1,URBANO,Ciudades y aglomeraciones,65000000
2022,1,1,URBANO,Ciudades y aglomeraciones,180000000
2022,1,1,URBANO,Ciudades y aglomeraciones,25000000
2022,1,1,URBANO,Ciudades y aglomeraciones,125000000
2022,1,1,URBANO,Ciudades y aglomeraciones,90000000
2023,1,2,URBANO,Ciudades y aglomeraciones,350000000
2023,3,1,URBANO,Ciudades y aglomeraciones,40161000
2023,3,1,URBANO,Ciudades y aglomeraciones,40161000
2023,3,1,URBANO,Ciudades y aglomeraciones,40161000
2023,1,2,URBANO,Ciudades y aglomeraciones,350000000
2023,1,1,URBANO,Ciudades y aglomeraciones,100000000
2023,1,1,URBANO,Ciudades y aglomeraciones,117699776
2023,2,10,URBANO,Ciudades y aglomeraciones,135000000
2022,1,5,URBANO,Ciudades y aglomeraciones,250000000
2021,1,2,URBANO,Ciudades y aglomeraciones,126000000
2022,1,2,URBANO,Ciudades y aglomeraciones,66000000
2022,1,1,URBANO,Ciudades y aglomeraciones,70000000
2023,1,2,URBANO,Ciudades y aglomeraciones,150000000
2022,1,2,URBANO,Ciudades y aglomeraciones,70000000
2022,1,2,URBANO,Ciudades y aglomeraciones,56000000
2021,1,1,URBANO,Ciudades y aglomeraciones,125000000
2021,2,1,URBANO,Ciudades y aglomeraciones,70000000
2022,2,2,URBANO,Ciudades y aglomeraciones,148000000
2021,1,1,URBANO,Ciudades y aglomeraciones,70000000
2021,1,2,URBANO,Ciudades y aglomeraciones,230000000
2021,3,1,URBANO,Ciudades y aglomeraciones,360000000
2021,2,2,URBANO,Ciudades y aglomeraciones,396000000
2022,1,1,URBANO,Ciudades y aglomeraciones,315000000
2022,1,2,URBANO,Ciudades y aglomeraciones,450000000
2023,2,2,URBANO,Ciudades y aglomeraciones,340000000
2021,1,1,URBANO,Ciudades y aglomeraciones,391500000
2023,2,1,URBANO,Ciudades y aglomeraciones,500000000
2021,1,1,URBANO,Ciudades y aglomeraciones,391500000
2023,2,1,URBANO,Ciudades y aglomeraciones,500000000
2022,2,2,URBANO,Ciudades y aglomeraciones,250000000
2023,2,2,URBANO,Ciudades y aglomeraciones,340000000
2022,1,2,URBANO,Ciudades y aglomeraciones,450000000
2022,1,2,URBANO,Ciudades y aglomeraciones,450000000
2021,2,2,URBANO,Ciudades y aglomeraciones,396000000
2021,1,1,URBANO,Ciudades y aglomeraciones,216000000
2021,3,1,URBANO,Ciudades y aglomeraciones,360000000
2022,1,1,URBANO,Ciudades y aglomeraciones,20000000
2021,1,2,URBANO,Ciudades y aglomeraciones,230000000
2022,1,1,URBANO,Ciudades y aglomeraciones,315000000
2023,2,2,URBANO,Ciudades y aglomeraciones,355000000
2021,1,1,URBANO,Ciudades y aglomeraciones,240000000
2022,1,1,URBANO,Ciudades y aglomeraciones,350000000
2021,1,1,URBANO,Ciudades y aglomeraciones,240000000
2023,2,2,URBANO,Ciudades y aglomeraciones,355000000
2022,1,1,URBANO,Ciudades y aglomeraciones,350000000
2021,1,1,URBANO,Ciudades y aglomeraciones,240000000
2023,1,2,URBANO,Ciudades y aglomeraciones,250000000
2022,1,1,URBANO,Ciudades y aglomeraciones,300000000
2022,1,1,URBANO,Ciudades y aglomeraciones,300000000
2023,1,2,URBANO,Ciudades y aglomeraciones,250000000
2023,2,2,URBANO,Ciudades y aglomeraciones,275000000
2023,1,1,URBANO,Ciudades y aglomeraciones,161000000
2023,1,1,URBANO,Ciudades y aglomeraciones,146000000
2021,1,1,URBANO,Ciudades y aglomeraciones,50000000
2023,1,1,URBANO,Ciudades y aglomeraciones,94000000
2022,2,1,URBANO,Ciudades y aglomeraciones,153000000
2021,1,1,URBANO,Ciudades y aglomeraciones,50000000
2022,1,1,URBANO,Ciudades y aglomeraciones,390624096
2022,2,1,URBANO,Ciudades y aglomeraciones,490000000
2022,2,1,URBANO,Ciudades y aglomeraciones,300000000
2022,2,1,URBANO,Ciudades y aglomeraciones,300000000
2022,1,1,URBANO,Ciudades y aglomeraciones,390624096
2022,2,1,URBANO,Ciudades y aglomeraciones,490000000
2021,1,2,URBANO,Ciudades y aglomeraciones,230000000
2022,1,2,URBANO,Ciudades y aglomeraciones,500000000
2022,1,2,URBANO,Ciudades y aglomeraciones,182000000
2023,1,1,URBANO,Ciudades y aglomeraciones,2331249920
2022,1,1,URBANO,Ciudades y aglomeraciones,235000000
2021,1,1,URBANO,Ciudades y aglomeraciones,1250000.0
2021,1,1,URBANO,Ciudades y aglomeraciones,1250000.0
2022,1,2,URBANO,Ciudades y aglomeraciones,12000000
2021,1,1,URBANO,Ciudades y aglomeraciones,1250000.0
2021,1,1,URBANO,Ciudades y aglomeraciones,1250000.0
2022,1,1,URBANO,Ciudades y aglomeraciones,235000000
2021,1,1,URBANO,Ciudades y aglomeraciones,1250000.0
2021,1,1,URBANO,Ciudades y aglomeraciones,1250000.0
2022,1,1,URBANO,Ciudades y aglomeraciones,1080321020
2022,1,1,URBANO,Ciudades y aglomeraciones,1080321020
2022,1,1,URBANO,Ciudades y aglomeraciones,513000000
2021,1,1,URBANO,Ciudades y aglomeraciones,280000000
2021,1,1,URBANO,Ciudades y aglomeraciones,395000000
2021,1,1,URBANO,Ciudades y aglomeraciones,325000000
2023,1,2,URBANO,Ciudades y aglomeraciones,360000000
2023,1,2,URBANO,Ciudades y aglomeraciones,165000000
2022,1,3,URBANO,Ciudades y aglomeraciones,385000000
2023,1,1,URBANO,Ciudades y aglomeraciones,463000000
2021,1,1,URBANO,Ciudades y aglomeraciones,250000000
2022,1,2,URBANO,Ciudades y aglomeraciones,325000000
2023,2,2,URBANO,Ciudades y aglomeraciones,550000000
2022,1,1,URBANO,Ciudades y aglomeraciones,300000000
2021,1,2,URBANO,Ciudades y aglomeraciones,250000000
2022,1,1,URBANO,Ciudades y aglomeraciones,242578000
2021,1,3,URBANO,Ciudades y aglomeraciones,325000000
2021,2,1,URBANO,Ciudades y aglomeraciones,350000000
2021,2,1,URBANO,Ciudades y aglomeraciones,350000000
2022,1,1,URBANO,Ciudades y aglomeraciones,513000000
2022,1,1,URBANO,Ciudades y aglomeraciones,513000000
2022,1,1,URBANO,Ciudades y aglomeraciones,282500000
2022,1,3,URBANO,Ciudades y aglomeraciones,385000000
2021,1,1,URBANO,Ciudades y aglomeraciones,280000000
2023,2,2,URBANO,Ciudades y aglomeraciones,463000000
2021,1,3,URBANO,Ciudades y aglomeraciones,325000000
2021,1,2,URBANO,Ciudades y aglomeraciones,250000000
2022,1,1,URBANO,Ciudades y aglomeraciones,242578000
2021,1,1,URBANO,Ciudades y aglomeraciones,250000000
2022,1,1,URBANO,Ciudades y aglomeraciones,300000000
2023,1,2,URBANO,Ciudades y aglomeraciones,165000000
2022,1,2,URBANO,Ciudades y aglomeraciones,325000000
2023,1,1,URBANO,Ciudades y aglomeraciones,887000000
2023,1,1,URBANO,Ciudades y aglomeraciones,887000000
2023,1,1,URBANO,Ciudades y aglomeraciones,887000000
2023,2,1,URBANO,Ciudades y aglomeraciones,297500000
2021,1,1,URBANO,Ciudades y aglomeraciones,325000000
2023,1,2,URBANO,Ciudades y aglomeraciones,360000000
2023,2,2,URBANO,Ciudades y aglomeraciones,550000000
2021,1,1,URBANO,Ciudades y aglomeraciones,395000000
2023,1,2,URBANO,Ciudades y aglomeraciones,2400000000
2022,1,1,URBANO,Ciudades y aglomeraciones,242578000
2023,2,2,URBANO,Ciudades y aglomeraciones,550000000
2022,1,2,URBANO,Ciudades y aglomeraciones,325000000
2021,1,1,URBANO,Ciudades y aglomeraciones,8330000.0
2021,1,1,URBANO,Ciudades y aglomeraciones,325000000
2023,1,1,URBANO,Ciudades y aglomeraciones,887000000
2023,2,1,URBANO,Ciudades y aglomeraciones,297500000
2022,1,1,URBANO,Ciudades y aglomeraciones,282500000
2023,1,2,URBANO,Ciudades y aglomeraciones,2400000000
2023,1,2,URBANO,Ciudades y aglomeraciones,80000000
2021,1,1,URBANO,Ciudades y aglomeraciones,20000000
2022,1,1,URBANO,Ciudades y aglomeraciones,20000000
2023,1,1,URBANO,Ciudades y aglomeraciones,160000000
2023,1,1,URBANO,Ciudades y aglomeraciones,300000000
2022,1,1,URBANO,Ciudades y aglomeraciones,170000000
2023,2,2,URBANO,Ciudades y aglomeraciones,170000000
2022,1,1,URBANO,Ciudades y aglomeraciones,170000000
2023,2,2,URBANO,Ciudades y aglomeraciones,170000000
2022,1,1,URBANO,Ciudades y aglomeraciones,170000000
2023,2,2,URBANO,Ciudades y aglomeraciones,170000000
2022,1,1,URBANO,Ciudades y aglomeraciones,170000000
2023,2,2,URBANO,Ciudades y aglomeraciones,170000000
2022,1,1,URBANO,Ciudades y aglomeraciones,170000000
2023,2,2,URBANO,Ciudades y aglomeraciones,170000000
2022,1,1,URBANO,Ciudades y aglomeraciones,185000000
2022,1,1,URBANO,Ciudades y aglomeraciones,185000000
2023,2,1,URBANO,Ciudades y aglomeraciones,74200000
2023,1,1,URBANO,Ciudades y aglomeraciones,19079224
2023,1,1,URBANO,Ciudades y aglomeraciones,500000000
2023,1,2,URBANO,Ciudades y aglomeraciones,350000000
2022,1,1,URBANO,Ciudades y aglomeraciones,300000000
2022,1,1,URBANO,Ciudades y aglomeraciones,330000000
2021,1,1,URBANO,Ciudades y aglomeraciones,380000000
2021,1,2,URBANO,Ciudades y aglomeraciones,550000000
2022,1,1,URBANO,Ciudades y aglomeraciones,302905984
2023,1,2,URBANO,Ciudades y aglomeraciones,590000000
2021,1,2,URBANO,Ciudades y aglomeraciones,550000000
2023,1,1,URBANO,Ciudades y aglomeraciones,19079224
2023,1,1,URBANO,Ciudades y aglomeraciones,35000000
2022,1,1,URBANO,Ciudades y aglomeraciones,302905984
2022,1,1,URBANO,Ciudades y aglomeraciones,300000000
2023,1,2,URBANO,Ciudades y aglomeraciones,350000000
2023,1,2,URBANO,Ciudades y aglomeraciones,590000000
2022,1,1,URBANO,Ciudades y aglomeraciones,330000000
2023,1,1,URBANO,Ciudades y aglomeraciones,500000000
2023,1,2,URBANO,Ciudades y aglomeraciones,350000000
2022,1,2,URBANO,Ciudades y aglomeraciones,15000000
2023,1,1,URBANO,Ciudades y aglomeraciones,16621000
2021,1,2,URBANO,Ciudades y aglomeraciones,550000000
2023,1,1,URBANO,Ciudades y aglomeraciones,16621000
2022,1,1,URBANO,Ciudades y aglomeraciones,302905984
2023,1,1,URBANO,Ciudades y aglomeraciones,35000000
2023,1,1,URBANO,Ciudades y aglomeraciones,19079224
2022,1,1,URBANO,Ciudades y aglomeraciones,330000000
2023,1,2,URBANO,Ciudades y aglomeraciones,590000000
2022,1,1,URBANO,Ciudades y aglomeraciones,300000000
2022,1,1,URBANO,Ciudades y aglomeraciones,11600000
2021,1,1,URBANO,Ciudades y aglomeraciones,83000000
2021,1,1,URBANO,Ciudades y aglomeraciones,20000000
2023,1,2,URBANO,Ciudades y aglomeraciones,15000000
2023,1,2,URBANO,Ciudades y aglomeraciones,15000000
2023,1,1,URBANO,Ciudades y aglomeraciones,20000000
2022,1,1,URBANO,Ciudades y aglomeraciones,550000000
2022,1,1,URBANO,Ciudades y aglomeraciones,750000000
2022,1,2,URBANO,Ciudades y aglomeraciones,20700000
2022,1,1,URBANO,Ciudades y aglomeraciones,10000000
2021,1,1,URBANO,Ciudades y aglomeraciones,83000000
2021,1,1,URBANO,Ciudades y aglomeraciones,83000000
2022,1,1,URBANO,Ciudades y aglomeraciones,980000000
2022,1,1,URBANO,Ciudades y aglomeraciones,750000000
2022,1,1,URBANO,Ciudades y aglomeraciones,550000000
2022,1,2,URBANO,Ciudades y aglomeraciones,600000000
2023,1,2,URBANO,Ciudades y aglomeraciones,570000000
2023,1,2,URBANO,Ciudades y aglomeraciones,600000000
2023,1,1,URBANO,Ciudades y aglomeraciones,814000000
2021,1,1,URBANO,Ciudades y aglomeraciones,300000000
2023,1,1,URBANO,Ciudades y aglomeraciones,1100000.0
2023,1,4,URBANO,Ciudades y aglomeraciones,350000000
2023,3,1,URBANO,Ciudades y aglomeraciones,460000000
2022,1,1,URBANO,Ciudades y aglomeraciones,400000000
2021,1,2,URBANO,Ciudades y aglomeraciones,395000000
2023,1,1,URBANO,Ciudades y aglomeraciones,350000000
2022,2,1,URBANO,Ciudades y aglomeraciones,275000000
2023,1,1,URBANO,Ciudades y aglomeraciones,392000000
2022,2,1,URBANO,Ciudades y aglomeraciones,380000000
2021,1,1,URBANO,Ciudades y aglomeraciones,250000000
2022,1,1,URBANO,Ciudades y aglomeraciones,450000000
2022,1,1,URBANO,Ciudades y aglomeraciones,477000000
2021,1,1,URBANO,Ciudades y aglomeraciones,500000000
2022,1,1,URBANO,Ciudades y aglomeraciones,309120000
2023,1,1,URBANO,Ciudades y aglomeraciones,330000000
2023,1,3,URBANO,Ciudades y aglomeraciones,515000000
2021,1,1,URBANO,Ciudades y aglomeraciones,340000000
2022,1,1,URBANO,Ciudades y aglomeraciones,154000000
2022,1,1,URBANO,Ciudades y aglomeraciones,280000000
2022,1,1,URBANO,Ciudades y aglomeraciones,518000000
2023,1,1,URBANO,Ciudades y aglomeraciones,365000000
2021,1,1,URBANO,Ciudades y aglomeraciones,335000000
2021,1,2,URBANO,Ciudades y aglomeraciones,360000000
2022,1,1,URBANO,Ciudades y aglomeraciones,400000000
2023,1,1,URBANO,Ciudades y aglomeraciones,540540030
2021,1,1,URBANO,Ciudades y aglomeraciones,250000000
2022,1,1,URBANO,Ciudades y aglomeraciones,450000000
2022,2,1,URBANO,Ciudades y aglomeraciones,330000000
2022,1,1,URBANO,Ciudades y aglomeraciones,477000000
2022,2,1,URBANO,Ciudades y aglomeraciones,380000000
2022,2,1,URBANO,Ciudades y aglomeraciones,275000000
2023,1,1,URBANO,Ciudades y aglomeraciones,350000000
2022,2,1,URBANO,Ciudades y aglomeraciones,275000000
2023,1,1,URBANO,Ciudades y aglomeraciones,400000000
2023,1,4,URBANO,Ciudades y aglomeraciones,350000000
2023,1,1,URBANO,Ciudades y aglomeraciones,365000000
2021,1,1,URBANO,Ciudades y aglomeraciones,335000000
2022,1,1,URBANO,Ciudades y aglomeraciones,280000000
2021,1,1,URBANO,Ciudades y aglomeraciones,300000000
2022,1,1,URBANO,Ciudades y aglomeraciones,309120000
2023,1,1,URBANO,Ciudades y aglomeraciones,330000000
2022,1,1,URBANO,Ciudades y aglomeraciones,154000000
2023,1,1,URBANO,Ciudades y aglomeraciones,392000000
2023,1,3,URBANO,Ciudades y aglomeraciones,515000000
2021,1,1,URBANO,Ciudades y aglomeraciones,500000000
2022,3,6,URBANO,Ciudades y aglomeraciones,300000000
2023,1,1,URBANO,Ciudades y aglomeraciones,1100000.0
2021,1,2,URBANO,Ciudades y aglomeraciones,360000000
2023,1,3,URBANO,Ciudades y aglomeraciones,515000000
2022,1,1,URBANO,Ciudades y aglomeraciones,309120000
2023,1,1,URBANO,Ciudades y aglomeraciones,330000000
2022,1,1,URBANO,Ciudades y aglomeraciones,518000000
2023,1,1,URBANO,Ciudades y aglomeraciones,392000000
2021,1,1,URBANO,Ciudades y aglomeraciones,340000000
2021,1,1,URBANO,Ciudades y aglomeraciones,335000000
2023,1,1,URBANO,Ciudades y aglomeraciones,365000000
2022,1,1,URBANO,Ciudades y aglomeraciones,400000000
2021,1,1,URBANO,Ciudades y aglomeraciones,300000000
2021,1,1,URBANO,Ciudades y aglomeraciones,500000000
2021,1,2,URBANO,Ciudades y aglomeraciones,395000000
2023,1,1,URBANO,Ciudades y aglomeraciones,540540030
2022,1,1,URBANO,Ciudades y aglomeraciones,154000000
2022,1,1,URBANO,Ciudades y aglomeraciones,280000000
2023,1,4,URBANO,Ciudades y aglomeraciones,350000000
2023,3,1,URBANO,Ciudades y aglomeraciones,460000000
2023,1,1,URBANO,Ciudades y aglomeraciones,1100000.0
2022,1,1,URBANO,Ciudades y aglomeraciones,400000000
2021,1,1,URBANO,Ciudades y aglomeraciones,95000000
2023,1,1,URBANO,Ciudades y aglomeraciones,90000000
2022,1,1,URBANO,Ciudades y aglomeraciones,470000000
2022,1,1,URBANO,Ciudades y aglomeraciones,3000000000
2022,1,1,URBANO,Ciudades y aglomeraciones,3000000000
2022,1,1,URBANO,Ciudades y aglomeraciones,23000000
2021,2,1,URBANO,Ciudades y aglomeraciones,50000000
2023,2,2,URBANO,Ciudades y aglomeraciones,700000000
2023,1,1,URBANO,Ciudades y aglomeraciones,400000000
2021,2,1,URBANO,Ciudades y aglomeraciones,50000000
2023,2,2,URBANO,Ciudades y aglomeraciones,700000000
2023,1,1,URBANO,Ciudades y aglomeraciones,400000000
2021,2,2,URBANO,Ciudades y aglomeraciones,450000000
2023,2,2,URBANO,Ciudades y aglomeraciones,700000000
2023,1,1,URBANO,Ciudades y aglomeraciones,400000000
2022,1,1,URBANO,Ciudades y aglomeraciones,3000000000
2022,1,1,URBANO,Ciudades y aglomeraciones,470000000
2023,1,11,URBANO,Ciudades y aglomeraciones,470000000
2021,1,7,URBANO,Ciudades y aglomeraciones,290000000
2023,2,2,URBANO,Ciudades y aglomeraciones,1117646980
2023,4,2,URBANO,Ciudades y aglomeraciones,10000000
2021,1,1,URBANO,Ciudades y aglomeraciones,80000000
2022,1,1,URBANO,Ciudades y aglomeraciones,153000000
2022,1,1,URBANO,Ciudades y aglomeraciones,73000000
2023,3,1,URBANO,Ciudades y aglomeraciones,366236992
2022,2,1,URBANO,Ciudades y aglomeraciones,375000000
2021,1,1,URBANO,Ciudades y aglomeraciones,280000000
2023,2,1,URBANO,Ciudades y aglomeraciones,300000000
2021,1,1,URBANO,Ciudades y aglomeraciones,185000000
2022,3,2,URBANO,Ciudades y aglomeraciones,375000000
2023,1,1,URBANO,Ciudades y aglomeraciones,235000000
2023,1,2,URBANO,Ciudades y aglomeraciones,300000000
2023,1,1,URBANO,Ciudades y aglomeraciones,18500000
2021,1,1,URBANO,Ciudades y aglomeraciones,280000000
2023,2,1,URBANO,Ciudades y aglomeraciones,300000000
2022,3,2,URBANO,Ciudades y aglomeraciones,375000000
2021,1,1,URBANO,Ciudades y aglomeraciones,185000000
2022,2,1,URBANO,Ciudades y aglomeraciones,375000000
2021,1,1,URBANO,Ciudades y aglomeraciones,280000000
2023,2,1,URBANO,Ciudades y aglomeraciones,300000000
2021,1,1,URBANO,Ciudades y aglomeraciones,185000000
2023,1,1,URBANO,Ciudades y aglomeraciones,235000000
2022,3,2,URBANO,Ciudades y aglomeraciones,375000000
2021,1,1,URBANO,Ciudades y aglomeraciones,300000000
2023,1,2,URBANO,Ciudades y aglomeraciones,350000000
2022,2,2,URBANO,Ciudades y aglomeraciones,375000000
2022,1,2,URBANO,Ciudades y aglomeraciones,320000000
2023,1,2,URBANO,Ciudades y aglomeraciones,429000000
2021,1,1,URBANO,Ciudades y aglomeraciones,68500000
2021,1,1,URBANO,Ciudades y aglomeraciones,180000000
2022,1,2,URBANO,Ciudades y aglomeraciones,90000000
2023,1,1,URBANO,Ciudades y aglomeraciones,210000000
2021,1,1,URBANO,Ciudades y aglomeraciones,180000000
2023,1,1,URBANO,Ciudades y aglomeraciones,164000000
2023,1,1,URBANO,Ciudades y aglomeraciones,215000000
2023,2,2,URBANO,Ciudades y aglomeraciones,290000000
2021,1,1,URBANO,Ciudades y aglomeraciones,185000000
2021,3,1,URBANO,Ciudades y aglomeraciones,120000000
2021,1,1,URBANO,Ciudades y aglomeraciones,212000000
2022,1,1,URBANO,Ciudades y aglomeraciones,178000000
2023,1,1,URBANO,Ciudades y aglomeraciones,285000000
2022,1,2,URBANO,Ciudades y aglomeraciones,103000000
2021,1,2,URBANO,Ciudades y aglomeraciones,110000000
2023,1,1,URBANO,Ciudades y aglomeraciones,156000000
2023,1,1,URBANO,Ciudades y aglomeraciones,215000000
2022,2,1,URBANO,Ciudades y aglomeraciones,253000000
2022,2,1,URBANO,Ciudades y aglomeraciones,245000000
2021,2,1,URBANO,Ciudades y aglomeraciones,210000000
2022,1,1,URBANO,Ciudades y aglomeraciones,6000000.0
2021,1,1,URBANO,Ciudades y aglomeraciones,5500000.0
2021,1,1,URBANO,Ciudades y aglomeraciones,3500000.0
2021,1,1,URBANO,Ciudades y aglomeraciones,84000000
2023,2,4,URBANO,Ciudades y aglomeraciones,200000000
2023,1,1,URBANO,Ciudades y aglomeraciones,220000000
2023,1,1,URBANO,Ciudades y aglomeraciones,290000000
2023,1,1,URBANO,Ciudades y aglomeraciones,285000000
2021,2,1,URBANO,Ciudades y aglomeraciones,210000000
2021,1,1,URBANO,Ciudades y aglomeraciones,180000000
2022,1,2,URBANO,Ciudades y aglomeraciones,90000000
2021,1,2,URBANO,Ciudades y aglomeraciones,110000000
2022,1,1,URBANO,Ciudades y aglomeraciones,230000000
2021,1,1,URBANO,Ciudades y aglomeraciones,90000000
2022,1,1,URBANO,Ciudades y aglomeraciones,250000000
2021,1,1,URBANO,Ciudades y aglomeraciones,212000000
2021,1,1,URBANO,Ciudades y aglomeraciones,17475000
2023,1,1,URBANO,Ciudades y aglomeraciones,210000000
2022,1,2,URBANO,Ciudades y aglomeraciones,103000000
2021,3,1,URBANO,Ciudades y aglomeraciones,120000000
2023,1,1,URBANO,Ciudades y aglomeraciones,15000000
2022,2,1,URBANO,Ciudades y aglomeraciones,253000000
2023,1,1,URBANO,Ciudades y aglomeraciones,195000000
2022,1,2,URBANO,Ciudades y aglomeraciones,18000000
2021,1,1,URBANO,Ciudades y aglomeraciones,185000000
2022,1,1,URBANO,Ciudades y aglomeraciones,250000000
2023,1,1,URBANO,Ciudades y aglomeraciones,257000000
2022,1,1,URBANO,Ciudades y aglomeraciones,235000000
2023,1,1,URBANO,Ciudades y aglomeraciones,31000000
2022,1,1,URBANO,Ciudades y aglomeraciones,128200000
2022,1,1,URBANO,Ciudades y aglomeraciones,290000000
2023,1,1,URBANO,Ciudades y aglomeraciones,210000000
2021,3,1,URBANO,Ciudades y aglomeraciones,244000000
2022,2,2,URBANO,Ciudades y aglomeraciones,310000000
2021,1,2,URBANO,Ciudades y aglomeraciones,180000000
2021,1,1,URBANO,Ciudades y aglomeraciones,320000000
2023,1,1,URBANO,Ciudades y aglomeraciones,200000000
2021,1,2,URBANO,Ciudades y aglomeraciones,280000000
2023,2,1,URBANO,Ciudades y aglomeraciones,350000000
2021,1,1,URBANO,Ciudades y aglomeraciones,300000000
2022,1,1,URBANO,Ciudades y aglomeraciones,240000000
2022,1,1,URBANO,Ciudades y aglomeraciones,320000000
2021,1,1,URBANO,Ciudades y aglomeraciones,320000000
2021,3,1,URBANO,Ciudades y aglomeraciones,244000000
2023,1,1,URBANO,Ciudades y aglomeraciones,210000000
2021,2,2,URBANO,Ciudades y aglomeraciones,200000000
2021,1,1,URBANO,Ciudades y aglomeraciones,254000000
2022,1,1,URBANO,Ciudades y aglomeraciones,290000000
2023,1,1,URBANO,Ciudades y aglomeraciones,200000000
2021,1,2,URBANO,Ciudades y aglomeraciones,280000000
2021,1,1,URBANO,Ciudades y aglomeraciones,300000000
2022,1,1,URBANO,Ciudades y aglomeraciones,240000000
2022,1,1,URBANO,Ciudades y aglomeraciones,320000000
2023,2,1,URBANO,Ciudades y aglomeraciones,350000000
2022,2,2,URBANO,Ciudades y aglomeraciones,310000000
2021,1,2,URBANO,Ciudades y aglomeraciones,180000000
2022,2,2,URBANO,Ciudades y aglomeraciones,305000000
2023,1,2,URBANO,Ciudades y aglomeraciones,370000000
2023,1,2,URBANO,Ciudades y aglomeraciones,370000000
2022,2,2,URBANO,Ciudades y aglomeraciones,305000000
2022,1,5,URBANO,Ciudades y aglomeraciones,109776000
2022,6,1,URBANO,Ciudades y aglomeraciones,100000000
2023,1,1,URBANO,Ciudades y aglomeraciones,52000000
2023,1,1,URBANO,Ciudades y aglomeraciones,49000000
2021,1,2,URBANO,Ciudades y aglomeraciones,60000000
2023,3,3,URBANO,Ciudades y aglomeraciones,60000000
2021,1,1,URBANO,Ciudades y aglomeraciones,35000000
2023,1,1,URBANO,Ciudades y aglomeraciones,75000000
2021,1,1,URBANO,Ciudades y aglomeraciones,17500000
2021,1,2,URBANO,Ciudades y aglomeraciones,208000000
2021,1,2,URBANO,Ciudades y aglomeraciones,214000000
2023,1,1,URBANO,Ciudades y aglomeraciones,180000000
2021,2,2,URBANO,Ciudades y aglomeraciones,210000000
2022,1,1,URBANO,Ciudades y aglomeraciones,164360000
2021,1,2,URBANO,Ciudades y aglomeraciones,208000000
2021,2,1,URBANO,Ciudades y aglomeraciones,122000000
2022,1,1,URBANO,Ciudades y aglomeraciones,155000000
2022,1,1,URBANO,Ciudades y aglomeraciones,158000000
2022,1,1,URBANO,Ciudades y aglomeraciones,160000000
2022,1,1,URBANO,Ciudades y aglomeraciones,253000000
2022,1,1,URBANO,Ciudades y aglomeraciones,5000000.0
2023,1,1,URBANO,Ciudades y aglomeraciones,180000000
2021,2,2,URBANO,Ciudades y aglomeraciones,210000000
2022,1,1,URBANO,Ciudades y aglomeraciones,164360000
2021,1,2,URBANO,Ciudades y aglomeraciones,208000000
2022,1,1,URBANO,Ciudades y aglomeraciones,253000000
2022,1,1,URBANO,Ciudades y aglomeraciones,160000000
2021,2,1,URBANO,Ciudades y aglomeraciones,21000000
2023,1,1,URBANO,Ciudades y aglomeraciones,263000000
2021,1,1,URBANO,Ciudades y aglomeraciones,196000000
2021,1,1,URBANO,Ciudades y aglomeraciones,110000000
2021,3,1,URBANO,Ciudades y aglomeraciones,200000000
2023,1,1,URBANO,Ciudades y aglomeraciones,280000000
2022,1,1,URBANO,Ciudades y aglomeraciones,118000000
2022,1,1,URBANO,Ciudades y aglomeraciones,194000000
2023,1,1,URBANO,Ciudades y aglomeraciones,260000000
2021,1,1,URBANO,Ciudades y aglomeraciones,190000000
2022,1,1,URBANO,Ciudades y aglomeraciones,205000000
2021,1,1,URBANO,Ciudades y aglomeraciones,4000000.0
2023,1,1,URBANO,Ciudades y aglomeraciones,280000000
2022,1,1,URBANO,Ciudades y aglomeraciones,118000000
2022,1,1,URBANO,Ciudades y aglomeraciones,194000000
2023,1,1,URBANO,Ciudades y aglomeraciones,260000000
2021,1,1,URBANO,Ciudades y aglomeraciones,110000000
2021,1,1,URBANO,Ciudades y aglomeraciones,190000000
2022,1,1,URBANO,Ciudades y aglomeraciones,205000000
2023,2,1,URBANO,Ciudades y aglomeraciones,300000000
2023,1,1,URBANO,Ciudades y aglomeraciones,260000000
2023,2,2,URBANO,Ciudades y aglomeraciones,333000000
2023,2,2,URBANO,Ciudades y aglomeraciones,333000000
2023,1,1,URBANO,Ciudades y aglomeraciones,260000000
2023,2,1,URBANO,Ciudades y aglomeraciones,300000000
2023,2,1,URBANO,Ciudades y aglomeraciones,300000000
2021,1,1,URBANO,Ciudades y aglomeraciones,715000000
2021,2,3,URBANO,Ciudades y aglomeraciones,740000000
2022,2,1,URBANO,Ciudades y aglomeraciones,745000000
2023,1,1,URBANO,Ciudades y aglomeraciones,900000000
2023,1,1,URBANO,Ciudades y aglomeraciones,1060000000
2023,1,1,URBANO,Ciudades y aglomeraciones,830000000
2023,1,1,URBANO,Ciudades y aglomeraciones,740000000
2023,1,2,URBANO,Ciudades y aglomeraciones,930000000
2023,2,2,URBANO,Ciudades y aglomeraciones,865000000
2023,1,1,URBANO,Ciudades y aglomeraciones,830000000
2023,1,1,URBANO,Ciudades y aglomeraciones,830000000
2022,2,1,URBANO,Ciudades y aglomeraciones,745000000
2021,1,1,URBANO,Ciudades y aglomeraciones,715000000
2021,1,1,URBANO,Ciudades y aglomeraciones,715000000
2023,1,1,URBANO,Ciudades y aglomeraciones,3300000.0
2023,1,1,URBANO,Ciudades y aglomeraciones,900000000
2023,1,1,URBANO,Ciudades y aglomeraciones,1060000000
2023,1,1,URBANO,Ciudades y aglomeraciones,900000000
2023,1,1,URBANO,Ciudades y aglomeraciones,1060000000
2023,1,2,URBANO,Ciudades y aglomeraciones,930000000
2023,1,2,URBANO,Ciudades y aglomeraciones,930000000
2023,1,1,URBANO,Ciudades y aglomeraciones,740000000
2023,1,1,URBANO,Ciudades y aglomeraciones,740000000
2021,2,3,URBANO,Ciudades y aglomeraciones,740000000
2023,2,2,URBANO,Ciudades y aglomeraciones,865000000
2023,2,2,URBANO,Ciudades y aglomeraciones,865000000
2023,2,2,URBANO,Ciudades y aglomeraciones,865000000
2023,1,2,URBANO,Ciudades y aglomeraciones,930000000
2023,1,1,URBANO,Ciudades y aglomeraciones,900000000
2023,1,1,URBANO,Ciudades y aglomeraciones,1060000000
2021,1,1,URBANO,Ciudades y aglomeraciones,715000000
2021,1,1,URBANO,Ciudades y aglomeraciones,800000000
2023,1,1,URBANO,Ciudades y aglomeraciones,845000000
2022,2,1,URBANO,Ciudades y aglomeraciones,707000000
2023,2,1,URBANO,Ciudades y aglomeraciones,603065470
2022,1,1,URBANO,Ciudades y aglomeraciones,713000000
2023,1,2,URBANO,Ciudades y aglomeraciones,835000000
2021,1,1,URBANO,Ciudades y aglomeraciones,800000000
2023,1,1,URBANO,Ciudades y aglomeraciones,845000000
2021,2,3,URBANO,Ciudades y aglomeraciones,460000000
2021,2,3,URBANO,Ciudades y aglomeraciones,460000000
2022,2,1,URBANO,Ciudades y aglomeraciones,707000000
2015,1,10,URBANO,Rural disperso,24600000
2023,1,2,URBANO,Ciudades y aglomeraciones,835000000
2022,1,1,URBANO,Ciudades y aglomeraciones,550000000
2023,2,1,URBANO,Ciudades y aglomeraciones,795000000
2023,2,1,URBANO,Ciudades y aglomeraciones,795000000
2022,2,2,URBANO,Ciudades y aglomeraciones,765000000
2022,2,1,URBANO,Ciudades y aglomeraciones,650000000
2023,1,2,URBANO,Ciudades y aglomeraciones,650000000
2023,2,1,URBANO,Ciudades y aglomeraciones,350000000
2023,1,2,URBANO,Ciudades y aglomeraciones,600000000
2022,1,1,URBANO,Ciudades y aglomeraciones,550000000
2023,1,2,URBANO,Ciudades y aglomeraciones,650000000
2023,1,2,URBANO,Ciudades y aglomeraciones,720000000
2021,2,2,URBANO,Ciudades y aglomeraciones,420000000
2023,2,2,URBANO,Ciudades y aglomeraciones,700000000
2021,2,2,URBANO,Ciudades y aglomeraciones,420000000
2023,2,2,URBANO,Ciudades y aglomeraciones,700000000
2023,1,2,URBANO,Ciudades y aglomeraciones,720000000
2023,2,1,URBANO,Ciudades y aglomeraciones,350000000
2023,1,2,URBANO,Ciudades y aglomeraciones,600000000
2021,2,3,URBANO,Ciudades y aglomeraciones,460000000
2023,2,1,URBANO,Ciudades y aglomeraciones,795000000
2022,1,1,URBANO,Ciudades y aglomeraciones,1226000.0
2023,2,1,URBANO,Ciudades y aglomeraciones,603065470
2022,2,1,URBANO,Ciudades y aglomeraciones,650000000
2023,1,2,URBANO,Ciudades y aglomeraciones,720000000
2021,1,1,URBANO,Ciudades y aglomeraciones,800000000
2023,1,1,URBANO,Ciudades y aglomeraciones,845000000
2022,2,2,URBANO,Ciudades y aglomeraciones,765000000
2022,2,2,URBANO,Ciudades y aglomeraciones,765000000
2022,1,1,URBANO,Ciudades y aglomeraciones,713000000
2022,1,1,URBANO,Ciudades y aglomeraciones,550000000
2023,1,2,URBANO,Ciudades y aglomeraciones,835000000
2022,1,1,URBANO,Ciudades y aglomeraciones,550000000
2023,1,2,URBANO,Ciudades y aglomeraciones,835000000
2022,2,2,URBANO,Ciudades y aglomeraciones,765000000
2022,1,1,URBANO,Ciudades y aglomeraciones,713000000
2023,1,2,URBANO,Ciudades y aglomeraciones,650000000
2021,1,1,URBANO,Ciudades y aglomeraciones,800000000
2023,1,1,URBANO,Ciudades y aglomeraciones,845000000
2023,1,2,URBANO,Ciudades y aglomeraciones,720000000
2022,2,1,URBANO,Ciudades y aglomeraciones,650000000
2023,2,1,URBANO,Ciudades y aglomeraciones,603065470
2023,2,1,URBANO,Ciudades y aglomeraciones,795000000
2021,2,3,URBANO,Ciudades y aglomeraciones,460000000
2022,2,1,URBANO,Ciudades y aglomeraciones,707000000
2023,2,1,URBANO,Ciudades y aglomeraciones,350000000
2023,1,2,URBANO,Ciudades y aglomeraciones,600000000
2022,1,1,URBANO,Ciudades y aglomeraciones,19830000
2022,1,1,URBANO,Ciudades y aglomeraciones,180000.0
2022,1,1,URBANO,Ciudades y aglomeraciones,305000000
2022,1,1,URBANO,Ciudades y aglomeraciones,305000000
2022,1,1,URBANO,Ciudades y aglomeraciones,180000.0
2022,1,1,URBANO,Ciudades y aglomeraciones,248500000
2022,1,1,URBANO,Ciudades y aglomeraciones,305000000
2022,1,1,URBANO,Ciudades y aglomeraciones,180000.0
2021,1,1,URBANO,Ciudades y aglomeraciones,250000000
2022,1,1,URBANO,Ciudades y aglomeraciones,354000000
2021,1,1,URBANO,Ciudades y aglomeraciones,250000000
2022,1,1,URBANO,Ciudades y aglomeraciones,354000000
2023,2,2,URBANO,Ciudades y aglomeraciones,370000000
2021,1,5,URBANO,Ciudades y aglomeraciones,500000000
2022,1,1,URBANO,Ciudades y aglomeraciones,380000000
2022,2,2,URBANO,Ciudades y aglomeraciones,685000000
2021,1,1,URBANO,Ciudades y aglomeraciones,630000000
2015,1,10,URBANO,Rural disperso,24600000
2023,1,1,URBANO,Ciudades y aglomeraciones,822316860
2022,1,1,URBANO,Ciudades y aglomeraciones,770000000
2022,1,1,URBANO,Ciudades y aglomeraciones,307000000
2023,1,1,URBANO,Ciudades y aglomeraciones,690000000
2023,1,1,URBANO,Ciudades y aglomeraciones,255000000
2023,1,2,URBANO,Ciudades y aglomeraciones,275000000
2022,2,2,URBANO,Ciudades y aglomeraciones,210000000
2022,1,2,URBANO,Ciudades y aglomeraciones,202000000
2023,2,2,URBANO,Ciudades y aglomeraciones,463000000
2022,1,2,URBANO,Ciudades y aglomeraciones,180000000
2023,2,2,URBANO,Ciudades y aglomeraciones,463000000
2022,1,1,URBANO,Ciudades y aglomeraciones,307000000
2022,1,1,URBANO,Ciudades y aglomeraciones,307000000
2023,1,1,URBANO,Ciudades y aglomeraciones,690000000
2023,1,1,URBANO,Ciudades y aglomeraciones,690000000
2023,1,1,URBANO,Ciudades y aglomeraciones,690000000
2022,1,1,URBANO,Ciudades y aglomeraciones,380000000
2023,1,1,URBANO,Ciudades y aglomeraciones,822316860
2022,2,2,URBANO,Ciudades y aglomeraciones,685000000
2021,1,5,URBANO,Ciudades y aglomeraciones,500000000
2023,2,2,URBANO,Ciudades y aglomeraciones,370000000
2022,1,1,URBANO,Ciudades y aglomeraciones,380000000
2022,2,2,URBANO,Ciudades y aglomeraciones,685000000
2021,1,5,URBANO,Ciudades y aglomeraciones,500000000
2021,1,1,URBANO,Ciudades y aglomeraciones,630000000
2023,1,1,URBANO,Ciudades y aglomeraciones,822316860
2022,1,1,URBANO,Ciudades y aglomeraciones,770000000
2022,1,1,URBANO,Ciudades y aglomeraciones,770000000
2022,1,1,URBANO,Ciudades y aglomeraciones,770000000
2022,2,3,URBANO,Ciudades y aglomeraciones,160000000
2023,1,1,URBANO,Ciudades y aglomeraciones,19000000
2023,1,1,URBANO,Ciudades y aglomeraciones,7000000.0
2023,1,1,URBANO,Ciudades y aglomeraciones,174000000
2022,1,3,URBANO,Ciudades y aglomeraciones,65000000
2022,1,1,URBANO,Ciudades y aglomeraciones,130000000
2023,1,1,URBANO,Ciudades y aglomeraciones,408800000
2023,1,1,URBANO,Ciudades y aglomeraciones,80000000
2022,2,1,URBANO,Ciudades y aglomeraciones,90000000
2021,2,2,URBANO,Ciudades y aglomeraciones,690000000
2015,1,10,URBANO,Rural disperso,24600000
2023,1,2,URBANO,Ciudades y aglomeraciones,1000000000
2023,1,2,URBANO,Ciudades y aglomeraciones,550000000
2023,1,2,URBANO,Ciudades y aglomeraciones,550000000
2021,1,1,URBANO,Ciudades y aglomeraciones,25000000
2023,1,2,URBANO,Ciudades y aglomeraciones,1000000000
2023,1,2,URBANO,Ciudades y aglomeraciones,1000000000
2023,1,2,URBANO,Ciudades y aglomeraciones,1000000000
2022,2,1,URBANO,Ciudades y aglomeraciones,328000000
2022,2,1,URBANO,Ciudades y aglomeraciones,328000000
2023,2,1,URBANO,Ciudades y aglomeraciones,440000000
2021,1,1,URBANO,Ciudades y aglomeraciones,43889000
2023,1,1,URBANO,Ciudades y aglomeraciones,141000000
2023,1,1,URBANO,Ciudades y aglomeraciones,46000000
2023,4,4,URBANO,Ciudades y aglomeraciones,100000000
2023,1,2,URBANO,Ciudades y aglomeraciones,110000000
2023,1,1,URBANO,Ciudades y aglomeraciones,520000000
2022,2,1,URBANO,Ciudades y aglomeraciones,270000000
2022,1,1,URBANO,Ciudades y aglomeraciones,612300030
2022,2,1,URBANO,Ciudades y aglomeraciones,270000000
2023,1,1,URBANO,Ciudades y aglomeraciones,520000000
2022,1,1,URBANO,Ciudades y aglomeraciones,612300030
2022,1,1,URBANO,Ciudades y aglomeraciones,650000000
2021,1,2,URBANO,Ciudades y aglomeraciones,660000000
2022,2,2,URBANO,Ciudades y aglomeraciones,980000000
2021,1,2,URBANO,Ciudades y aglomeraciones,660000000
2023,1,2,URBANO,Ciudades y aglomeraciones,18802000
2022,4,2,URBANO,Ciudades y aglomeraciones,700000000
2022,1,1,URBANO,Ciudades y aglomeraciones,870000000
2022,1,1,URBANO,Ciudades y aglomeraciones,870000000
2022,1,1,URBANO,Ciudades y aglomeraciones,870000000
2022,4,2,URBANO,Ciudades y aglomeraciones,700000000
2022,4,2,URBANO,Ciudades y aglomeraciones,700000000
2022,2,2,URBANO,Ciudades y aglomeraciones,980000000
2022,2,2,URBANO,Ciudades y aglomeraciones,980000000
2022,1,1,URBANO,Ciudades y aglomeraciones,650000000
2022,1,1,URBANO,Ciudades y aglomeraciones,650000000
2021,1,2,URBANO,Ciudades y aglomeraciones,660000000
2021,1,2,URBANO,Ciudades y aglomeraciones,660000000
2022,1,2,URBANO,Ciudades y aglomeraciones,65000000
2022,1,3,URBANO,Ciudades y aglomeraciones,110000000
2023,1,1,URBANO,Ciudades y aglomeraciones,90000000
2023,1,1,URBANO,Ciudades y aglomeraciones,210000000
2023,1,1,URBANO,Ciudades y aglomeraciones,210000000
2022,1,1,URBANO,Ciudades y aglomeraciones,200000000
2022,2,1,URBANO,Ciudades y aglomeraciones,18000000
2022,2,2,URBANO,Ciudades y aglomeraciones,15000000
2023,1,4,URBANO,Ciudades y aglomeraciones,415000000
2021,1,1,URBANO,Ciudades y aglomeraciones,190000000
2022,1,1,URBANO,Ciudades y aglomeraciones,550000000
2023,1,1,URBANO,Ciudades y aglomeraciones,1056707970
2023,1,1,URBANO,Ciudades y aglomeraciones,350000000
2023,1,1,URBANO,Ciudades y aglomeraciones,251000000
2022,1,1,URBANO,Ciudades y aglomeraciones,300000000
2023,1,1,RURAL,Rural disperso,374372608
2022,3,1,URBANO,Ciudades y aglomeraciones,600000000
2022,3,1,URBANO,Ciudades y aglomeraciones,600000000
2021,1,1,URBANO,Ciudades y aglomeraciones,1750000000
2021,1,1,URBANO,Ciudades y aglomeraciones,1750000000
2021,1,1,URBANO,Ciudades y aglomeraciones,1750000000
2021,1,1,URBANO,Ciudades y aglomeraciones,1750000000
2021,1,1,URBANO,Ciudades y aglomeraciones,1750000000
2021,1,1,URBANO,Ciudades y aglomeraciones,1750000000
2021,1,1,URBANO,Ciudades y aglomeraciones,1750000000
2021,1,1,URBANO,Ciudades y aglomeraciones,5411698.0
2021,1,1,URBANO,Ciudades y aglomeraciones,5411698.0
2022,1,1,URBANO,Ciudades y aglomeraciones,88303.0
2023,1,1,URBANO,Ciudades y aglomeraciones,40000000
2023,1,1,URBANO,Ciudades y aglomeraciones,20000000
2021,1,1,URBANO,Ciudades y aglomeraciones,5411698.0
2023,1,1,URBANO,Ciudades y aglomeraciones,350000000
2021,1,1,URBANO,Ciudades y aglomeraciones,5411698.0
2022,1,1,URBANO,Ciudades y aglomeraciones,300000000
2022,3,1,URBANO,Ciudades y aglomeraciones,600000000
2022,3,1,URBANO,Ciudades y aglomeraciones,600000000
2021,1,1,URBANO,Ciudades y aglomeraciones,1750000000
2021,1,1,URBANO,Ciudades y aglomeraciones,1750000000
2021,1,1,URBANO,Ciudades y aglomeraciones,1750000000
2021,1,1,URBANO,Ciudades y aglomeraciones,1750000000
2021,1,1,URBANO,Ciudades y aglomeraciones,1750000000
2021,1,1,URBANO,Ciudades y aglomeraciones,1750000000
2021,1,1,URBANO,Ciudades y aglomeraciones,1750000000
2023,1,1,URBANO,Ciudades y aglomeraciones,251000000
2021,2,1,URBANO,Ciudades y aglomeraciones,250000000
2021,2,2,URBANO,Ciudades y aglomeraciones,852499970
2021,1,1,URBANO,Ciudades y aglomeraciones,120000000
2022,1,1,URBANO,Ciudades y aglomeraciones,80000000
2023,2,1,URBANO,Ciudades y aglomeraciones,115000000
2022,2,1,URBANO,Ciudades y aglomeraciones,88000000
2021,1,2,URBANO,Ciudades y aglomeraciones,200000000
2021,2,1,URBANO,Ciudades y aglomeraciones,130000000
2022,1,2,URBANO,Ciudades y aglomeraciones,176176000
2023,1,1,URBANO,Ciudades y aglomeraciones,400000000
2021,2,1,URBANO,Ciudades y aglomeraciones,263400000
2021,1,1,URBANO,Ciudades y aglomeraciones,550000000
2023,1,1,URBANO,Ciudades y aglomeraciones,2895545.0
2023,1,1,URBANO,Ciudades y aglomeraciones,400000000
2021,1,1,URBANO,Ciudades y aglomeraciones,550000000
2023,1,1,URBANO,Ciudades y aglomeraciones,2895545.0
2023,1,1,URBANO,Ciudades y aglomeraciones,2895545.0
2023,1,1,URBANO,Ciudades y aglomeraciones,2895545.0
2021,1,1,URBANO,Ciudades y aglomeraciones,550000000
2021,2,1,URBANO,Ciudades y aglomeraciones,263400000
2022,1,1,URBANO,Ciudades y aglomeraciones,39700000
2021,1,1,URBANO,Ciudades y aglomeraciones,295000000
2021,1,1,URBANO,Ciudades y aglomeraciones,35000000
2023,1,1,URBANO,Ciudades y aglomeraciones,800000000
2022,1,1,URBANO,Ciudades y aglomeraciones,825000000
2021,2,1,URBANO,Ciudades y aglomeraciones,800000000
2022,2,1,URBANO,Ciudades y aglomeraciones,705000000
2021,2,1,URBANO,Ciudades y aglomeraciones,800000000
2023,1,1,URBANO,Ciudades y aglomeraciones,800000000
2022,1,1,URBANO,Ciudades y aglomeraciones,825000000
2022,1,1,URBANO,Ciudades y aglomeraciones,825000000
2022,2,1,URBANO,Ciudades y aglomeraciones,705000000
2022,2,1,URBANO,Ciudades y aglomeraciones,705000000
2021,1,1,URBANO,Ciudades y aglomeraciones,500000000
2022,2,1,URBANO,Ciudades y aglomeraciones,728000000
2022,1,1,URBANO,Ciudades y aglomeraciones,748339970
2022,2,1,URBANO,Ciudades y aglomeraciones,700000000
2023,2,1,URBANO,Ciudades y aglomeraciones,900000000
2015,1,1,RURAL,Rural disperso,361198080
2023,2,2,URBANO,Ciudades y aglomeraciones,750000000
2023,1,1,URBANO,Ciudades y aglomeraciones,690000000
2022,1,1,URBANO,Ciudades y aglomeraciones,515000000
2022,1,1,URBANO,Ciudades y aglomeraciones,610000000
2021,1,1,URBANO,Ciudades y aglomeraciones,350000000
2022,1,2,URBANO,Ciudades y aglomeraciones,580000000
2023,1,1,URBANO,Ciudades y aglomeraciones,680000000
2021,1,1,URBANO,Ciudades y aglomeraciones,610000000
2021,1,2,URBANO,Ciudades y aglomeraciones,604000000
2023,1,1,URBANO,Ciudades y aglomeraciones,690000000
2021,1,1,URBANO,Ciudades y aglomeraciones,400000000
2021,2,1,URBANO,Ciudades y aglomeraciones,590000000
2022,2,2,URBANO,Ciudades y aglomeraciones,500000000
2022,1,1,URBANO,Ciudades y aglomeraciones,441076992
2023,2,1,URBANO,Ciudades y aglomeraciones,830000000
2021,2,1,URBANO,Ciudades y aglomeraciones,680000000
2023,1,1,URBANO,Ciudades y aglomeraciones,850000000
2022,1,1,URBANO,Ciudades y aglomeraciones,571000000
2023,1,2,URBANO,Ciudades y aglomeraciones,1500000000
2021,1,2,URBANO,Ciudades y aglomeraciones,604000000
2021,1,1,URBANO,Ciudades y aglomeraciones,500000000
2022,1,2,URBANO,Ciudades y aglomeraciones,580000000
2022,1,1,URBANO,Ciudades y aglomeraciones,610000000
2022,1,1,URBANO,Ciudades y aglomeraciones,571000000
2021,2,1,URBANO,Ciudades y aglomeraciones,590000000
2021,2,1,URBANO,Ciudades y aglomeraciones,680000000
2022,2,1,URBANO,Ciudades y aglomeraciones,700000000
2022,2,1,URBANO,Ciudades y aglomeraciones,700000000
2022,2,1,URBANO,Ciudades y aglomeraciones,728000000
2022,2,1,URBANO,Ciudades y aglomeraciones,728000000
2022,1,2,URBANO,Ciudades y aglomeraciones,580000000
2023,1,1,URBANO,Ciudades y aglomeraciones,680000000
2023,1,1,URBANO,Ciudades y aglomeraciones,680000000
2022,1,1,URBANO,Ciudades y aglomeraciones,441076992
2023,2,1,URBANO,Ciudades y aglomeraciones,830000000
2021,1,1,URBANO,Ciudades y aglomeraciones,400000000
2023,1,1,URBANO,Ciudades y aglomeraciones,850000000
2022,1,1,URBANO,Ciudades y aglomeraciones,441076992
2023,2,1,URBANO,Ciudades y aglomeraciones,830000000
2023,2,1,URBANO,Ciudades y aglomeraciones,900000000
2023,2,1,URBANO,Ciudades y aglomeraciones,900000000
2021,1,1,URBANO,Ciudades y aglomeraciones,30000000
2023,1,1,URBANO,Ciudades y aglomeraciones,690000000
2023,1,1,URBANO,Ciudades y aglomeraciones,690000000
2022,1,2,URBANO,Ciudades y aglomeraciones,20000000
2023,1,2,URBANO,Ciudades y aglomeraciones,1500000000
2023,1,2,URBANO,Ciudades y aglomeraciones,1500000000
2023,1,2,URBANO,Ciudades y aglomeraciones,1500000000
2023,2,2,URBANO,Ciudades y aglomeraciones,750000000
2023,1,1,URBANO,Ciudades y aglomeraciones,30000000
2023,2,2,URBANO,Ciudades y aglomeraciones,750000000
2023,1,1,URBANO,Ciudades y aglomeraciones,30000000
2022,1,1,URBANO,Ciudades y aglomeraciones,650099970
2022,1,1,URBANO,Ciudades y aglomeraciones,515000000
2022,1,1,URBANO,Ciudades y aglomeraciones,244000000
2022,1,1,URBANO,Ciudades y aglomeraciones,748339970
2022,1,1,URBANO,Ciudades y aglomeraciones,748339970
2021,1,1,URBANO,Ciudades y aglomeraciones,610000000
2022,2,2,URBANO,Ciudades y aglomeraciones,500000000
2023,2,1,URBANO,Ciudades y aglomeraciones,495000000
2022,2,1,URBANO,Ciudades y aglomeraciones,700000000
2022,2,1,URBANO,Ciudades y aglomeraciones,728000000
2023,1,2,URBANO,Ciudades y aglomeraciones,1500000000
2023,2,1,URBANO,Ciudades y aglomeraciones,900000000
2023,1,1,URBANO,Ciudades y aglomeraciones,850000000
2022,1,1,URBANO,Ciudades y aglomeraciones,515000000
2021,1,1,URBANO,Ciudades y aglomeraciones,400000000
2022,1,1,URBANO,Ciudades y aglomeraciones,244000000
2023,2,1,URBANO,Ciudades y aglomeraciones,495000000
2022,2,1,URBANO,Ciudades y aglomeraciones,400000000
2021,2,2,URBANO,Ciudades y aglomeraciones,410000000
2021,2,1,URBANO,Ciudades y aglomeraciones,405000000
2022,2,2,URBANO,Ciudades y aglomeraciones,300000000
2022,1,1,URBANO,Ciudades y aglomeraciones,495000000
2021,1,1,URBANO,Ciudades y aglomeraciones,250000000
2023,1,1,URBANO,Ciudades y aglomeraciones,300000000
2022,1,1,URBANO,Ciudades y aglomeraciones,455000000
2022,1,1,URBANO,Ciudades y aglomeraciones,260000000
2021,1,1,URBANO,Ciudades y aglomeraciones,300000000
2023,2,1,URBANO,Ciudades y aglomeraciones,300000000
2022,1,1,URBANO,Ciudades y aglomeraciones,350000000
2021,1,1,URBANO,Ciudades y aglomeraciones,380000000
2023,1,1,URBANO,Ciudades y aglomeraciones,430000000
2023,1,1,URBANO,Ciudades y aglomeraciones,260000000
2021,1,1,URBANO,Ciudades y aglomeraciones,455000000
2021,1,1,URBANO,Ciudades y aglomeraciones,300000000
2021,2,1,URBANO,Ciudades y aglomeraciones,405000000
2021,2,2,URBANO,Ciudades y aglomeraciones,410000000
2022,2,1,URBANO,Ciudades y aglomeraciones,400000000
2021,1,1,URBANO,Ciudades y aglomeraciones,300000000
2023,1,1,URBANO,Ciudades y aglomeraciones,385000000
2023,1,1,URBANO,Ciudades y aglomeraciones,492500000
2021,1,1,URBANO,Ciudades y aglomeraciones,455000000
2021,1,2,URBANO,Ciudades y aglomeraciones,405000000
2021,1,1,URBANO,Ciudades y aglomeraciones,380000000
2022,1,1,URBANO,Ciudades y aglomeraciones,350000000
2023,1,1,URBANO,Ciudades y aglomeraciones,430000000
2021,2,1,URBANO,Ciudades y aglomeraciones,260000000
2021,2,1,URBANO,Ciudades y aglomeraciones,405000000
2021,1,1,URBANO,Ciudades y aglomeraciones,300000000
2021,2,2,URBANO,Ciudades y aglomeraciones,410000000
2022,1,1,URBANO,Ciudades y aglomeraciones,260000000
2021,1,1,URBANO,Ciudades y aglomeraciones,300000000
2022,2,1,URBANO,Ciudades y aglomeraciones,400000000
2021,1,1,URBANO,Ciudades y aglomeraciones,455000000
2023,2,1,URBANO,Ciudades y aglomeraciones,300000000
2022,1,1,URBANO,Ciudades y aglomeraciones,350000000
2023,1,1,URBANO,Ciudades y aglomeraciones,430000000
2021,1,1,URBANO,Ciudades y aglomeraciones,380000000
2023,1,1,URBANO,Ciudades y aglomeraciones,260000000
2022,2,4,URBANO,Ciudades y aglomeraciones,280000000
2023,1,1,URBANO,Ciudades y aglomeraciones,19000000
2022,1,1,URBANO,Ciudades y aglomeraciones,7000000.0
2023,1,2,URBANO,Ciudades y aglomeraciones,200000000
2021,2,1,URBANO,Ciudades y aglomeraciones,100000000
2021,1,1,URBANO,Ciudades y aglomeraciones,146042000
2021,1,2,URBANO,Ciudades y aglomeraciones,155332528
2023,1,1,URBANO,Ciudades y aglomeraciones,145000000
2021,1,1,URBANO,Ciudades y aglomeraciones,147000000
2023,1,1,URBANO,Ciudades y aglomeraciones,215000000
2023,1,2,URBANO,Ciudades y aglomeraciones,200000000
2023,2,1,URBANO,Ciudades y aglomeraciones,175000000
2023,1,3,URBANO,Ciudades y aglomeraciones,165000000
2021,1,1,URBANO,Ciudades y aglomeraciones,65000000
2021,2,1,URBANO,Ciudades y aglomeraciones,470000000
2021,2,1,URBANO,Ciudades y aglomeraciones,470000000
2022,1,1,URBANO,Ciudades y aglomeraciones,220000000
2021,2,1,URBANO,Ciudades y aglomeraciones,152257200
2021,2,2,URBANO,Ciudades y aglomeraciones,216921600
2021,2,2,URBANO,Ciudades y aglomeraciones,306721216
2022,1,1,URBANO,Ciudades y aglomeraciones,115000000
2022,1,1,URBANO,Ciudades y aglomeraciones,220000000
2022,1,1,URBANO,Ciudades y aglomeraciones,200000000
2022,1,1,URBANO,Ciudades y aglomeraciones,200000000
2022,1,1,URBANO,Ciudades y aglomeraciones,200000000
2021,1,1,URBANO,Ciudades y aglomeraciones,10000000
2022,1,2,URBANO,Ciudades y aglomeraciones,58000000
2021,1,8,URBANO,Ciudades y aglomeraciones,32000000
2021,1,1,URBANO,Ciudades y aglomeraciones,271000000
2021,1,1,URBANO,Ciudades y aglomeraciones,271000000
2023,2,1,URBANO,Ciudades y aglomeraciones,550000000
2023,2,1,URBANO,Ciudades y aglomeraciones,550000000
2022,2,1,URBANO,Ciudades y aglomeraciones,440000000
2023,1,2,URBANO,Ciudades y aglomeraciones,270000000
2022,2,2,URBANO,Ciudades y aglomeraciones,600000000
2023,2,1,URBANO,Ciudades y aglomeraciones,550000000
2021,1,1,URBANO,Ciudades y aglomeraciones,271000000
2023,1,2,URBANO,Ciudades y aglomeraciones,270000000
2022,2,1,URBANO,Ciudades y aglomeraciones,440000000
2023,1,2,URBANO,Ciudades y aglomeraciones,1000000000
2022,2,2,URBANO,Ciudades y aglomeraciones,600000000
2021,1,1,URBANO,Ciudades y aglomeraciones,112800000
2021,1,1,URBANO,Ciudades y aglomeraciones,142000000
2023,2,1,URBANO,Ciudades y aglomeraciones,768000000
2022,1,2,URBANO,Ciudades y aglomeraciones,1127000060
2015,1,1,RURAL,Rural disperso,321225984
2021,1,2,URBANO,Ciudades y aglomeraciones,900000000
2021,1,1,URBANO,Ciudades y aglomeraciones,800000000
2023,2,2,URBANO,Ciudades y aglomeraciones,1330000000
2021,1,2,URBANO,Ciudades y aglomeraciones,900000000
2021,2,1,URBANO,Ciudades y aglomeraciones,738000000
2023,4,4,URBANO,Ciudades y aglomeraciones,1100000000
2021,1,1,URBANO,Ciudades y aglomeraciones,1164999940
2021,1,1,URBANO,Ciudades y aglomeraciones,229596560
2021,1,1,URBANO,Ciudades y aglomeraciones,229596560
2021,1,2,URBANO,Ciudades y aglomeraciones,850000000
2022,1,2,URBANO,Ciudades y aglomeraciones,1127000060
2023,2,2,URBANO,Ciudades y aglomeraciones,1330000000
2021,1,2,URBANO,Ciudades y aglomeraciones,900000000
2021,1,2,URBANO,Ciudades y aglomeraciones,900000000
2023,2,2,URBANO,Ciudades y aglomeraciones,1330000000
2022,1,2,URBANO,Ciudades y aglomeraciones,1127000060
2021,2,1,URBANO,Ciudades y aglomeraciones,738000000
2021,1,2,URBANO,Ciudades y aglomeraciones,900000000
2021,1,2,URBANO,Ciudades y aglomeraciones,900000000
2021,2,1,URBANO,Ciudades y aglomeraciones,738000000
2021,1,1,URBANO,Ciudades y aglomeraciones,800000000
2023,2,2,URBANO,Ciudades y aglomeraciones,1330000000
2023,4,4,URBANO,Ciudades y aglomeraciones,1100000000
2023,2,1,URBANO,Ciudades y aglomeraciones,768000000
2023,2,1,URBANO,Ciudades y aglomeraciones,768000000
2023,4,4,URBANO,Ciudades y aglomeraciones,1100000000
2016,1,1,URBANO,Rural disperso,1000000.0
2021,1,1,URBANO,Ciudades y aglomeraciones,800000000
2023,2,1,URBANO,Ciudades y aglomeraciones,455000000
2022,2,1,URBANO,Ciudades y aglomeraciones,540000000
2022,1,1,URBANO,Ciudades y aglomeraciones,390000000
2022,1,1,URBANO,Ciudades y aglomeraciones,425000000
2022,2,1,URBANO,Ciudades y aglomeraciones,540000000
2023,2,1,URBANO,Ciudades y aglomeraciones,455000000
2022,1,1,URBANO,Ciudades y aglomeraciones,390000000
2022,1,1,URBANO,Ciudades y aglomeraciones,425000000
2022,1,1,URBANO,Ciudades y aglomeraciones,214000000
2022,2,1,URBANO,Ciudades y aglomeraciones,300000000
2022,1,1,URBANO,Ciudades y aglomeraciones,400000000
2023,2,2,URBANO,Ciudades y aglomeraciones,440000000
2022,1,2,URBANO,Ciudades y aglomeraciones,450000000
2022,1,2,URBANO,Ciudades y aglomeraciones,468000000
2021,1,2,URBANO,Ciudades y aglomeraciones,342500000
2022,1,1,URBANO,Ciudades y aglomeraciones,420000000
2023,1,2,URBANO,Ciudades y aglomeraciones,228000000
2023,1,2,URBANO,Ciudades y aglomeraciones,200000000
2023,1,1,URBANO,Ciudades y aglomeraciones,250000000
2021,1,1,URBANO,Ciudades y aglomeraciones,230000000
2023,1,1,URBANO,Ciudades y aglomeraciones,300000000
2023,1,1,URBANO,Ciudades y aglomeraciones,260000000
2023,1,2,URBANO,Ciudades y aglomeraciones,300000000
2023,2,2,URBANO,Ciudades y aglomeraciones,415000000
2022,1,3,URBANO,Ciudades y aglomeraciones,363750016
2022,1,1,URBANO,Ciudades y aglomeraciones,305000000
2023,1,3,URBANO,Ciudades y aglomeraciones,330000000
2021,1,1,URBANO,Ciudades y aglomeraciones,310000000
2015,1,1,URBANO,Rural disperso,5600000.0
2021,1,1,URBANO,Ciudades y aglomeraciones,300000000
2022,2,2,URBANO,Ciudades y aglomeraciones,390000000
2021,1,2,URBANO,Ciudades y aglomeraciones,360000000
2023,1,2,URBANO,Ciudades y aglomeraciones,340000000
2023,1,1,URBANO,Ciudades y aglomeraciones,370000000
2023,1,2,URBANO,Ciudades y aglomeraciones,341000000
2022,1,2,URBANO,Ciudades y aglomeraciones,280000000
2021,1,1,URBANO,Ciudades y aglomeraciones,350000000
2021,1,1,URBANO,Ciudades y aglomeraciones,274000000
2023,2,1,URBANO,Ciudades y aglomeraciones,410000000
2023,1,1,URBANO,Ciudades y aglomeraciones,380000000
2023,1,2,URBANO,Ciudades y aglomeraciones,228000000
2023,1,1,URBANO,Ciudades y aglomeraciones,250000000
2022,1,2,URBANO,Ciudades y aglomeraciones,450000000
2023,2,2,URBANO,Ciudades y aglomeraciones,415000000
2022,1,1,URBANO,Ciudades y aglomeraciones,400000000
2022,1,2,URBANO,Ciudades y aglomeraciones,468000000
2023,1,1,URBANO,Ciudades y aglomeraciones,300000000
2022,2,1,URBANO,Ciudades y aglomeraciones,300000000
2023,1,2,URBANO,Ciudades y aglomeraciones,200000000
2021,1,1,URBANO,Ciudades y aglomeraciones,310000000
2023,1,3,URBANO,Ciudades y aglomeraciones,330000000
2022,1,1,URBANO,Ciudades y aglomeraciones,305000000
2021,2,1,URBANO,Ciudades y aglomeraciones,13000000
2023,2,2,URBANO,Ciudades y aglomeraciones,440000000
2022,2,2,URBANO,Ciudades y aglomeraciones,390000000
2021,1,2,URBANO,Ciudades y aglomeraciones,342500000
2022,1,1,URBANO,Ciudades y aglomeraciones,420000000
2023,2,1,URBANO,Ciudades y aglomeraciones,410000000
2023,1,2,URBANO,Ciudades y aglomeraciones,340000000
2023,1,1,URBANO,Ciudades y aglomeraciones,370000000
2023,1,1,URBANO,Ciudades y aglomeraciones,380000000
2021,1,2,URBANO,Ciudades y aglomeraciones,360000000
2022,2,2,URBANO,Ciudades y aglomeraciones,390000000
2021,1,2,URBANO,Ciudades y aglomeraciones,342500000
2023,2,2,URBANO,Ciudades y aglomeraciones,440000000
2017,1,1,URBANO,Rural,4710000.0
2022,1,1,URBANO,Ciudades y aglomeraciones,420000000
2022,2,1,URBANO,Ciudades y aglomeraciones,300000000
2022,1,2,URBANO,Ciudades y aglomeraciones,468000000
2022,1,2,URBANO,Ciudades y aglomeraciones,450000000
2023,1,1,URBANO,Ciudades y aglomeraciones,300000000
2023,2,2,URBANO,Ciudades y aglomeraciones,415000000
2022,1,1,URBANO,Ciudades y aglomeraciones,400000000
2023,1,1,URBANO,Ciudades y aglomeraciones,250000000
2022,1,1,URBANO,Ciudades y aglomeraciones,305000000
2023,1,1,URBANO,Ciudades y aglomeraciones,380000000
2021,1,1,URBANO,Ciudades y aglomeraciones,310000000
2022,1,1,URBANO,Ciudades y aglomeraciones,214000000
2023,1,1,URBANO,Ciudades y aglomeraciones,370000000
2023,2,1,URBANO,Ciudades y aglomeraciones,410000000
2021,1,2,URBANO,Ciudades y aglomeraciones,360000000
2023,1,2,URBANO,Ciudades y aglomeraciones,340000000
2023,1,3,URBANO,Ciudades y aglomeraciones,330000000
2021,1,1,URBANO,Ciudades y aglomeraciones,230000000
2023,1,2,URBANO,Ciudades y aglomeraciones,200000000
2021,1,1,URBANO,Ciudades y aglomeraciones,40000000
2022,1,1,URBANO,Ciudades y aglomeraciones,250000000
2022,1,1,URBANO,Ciudades y aglomeraciones,250000000
2022,1,1,URBANO,Ciudades y aglomeraciones,250000000
2021,2,1,URBANO,Ciudades y aglomeraciones,625000000
2021,1,1,URBANO,Ciudades y aglomeraciones,610000000
2023,1,1,URBANO,Ciudades y aglomeraciones,750000000
2022,1,1,URBANO,Ciudades y aglomeraciones,648000000
2022,1,2,URBANO,Ciudades y aglomeraciones,630000000
2022,1,2,URBANO,Ciudades y aglomeraciones,630000000
2021,1,1,URBANO,Ciudades y aglomeraciones,610000000
2022,1,1,URBANO,Ciudades y aglomeraciones,648000000
2023,1,1,URBANO,Ciudades y aglomeraciones,750000000
2021,2,1,URBANO,Ciudades y aglomeraciones,625000000
2022,1,1,URBANO,Ciudades y aglomeraciones,50000000
2022,1,1,URBANO,Ciudades y aglomeraciones,110000000
2023,2,4,URBANO,Ciudades y aglomeraciones,1540000000
2021,1,1,URBANO,Ciudades y aglomeraciones,1000000000
2021,2,2,URBANO,Ciudades y aglomeraciones,960000000
2021,1,2,URBANO,Ciudades y aglomeraciones,850000000
2023,2,4,URBANO,Ciudades y aglomeraciones,1540000000
2023,2,4,URBANO,Ciudades y aglomeraciones,1540000000
2021,1,1,URBANO,Ciudades y aglomeraciones,1000000000
2021,1,1,URBANO,Ciudades y aglomeraciones,1000000000
2021,1,2,URBANO,Ciudades y aglomeraciones,850000000
2021,1,2,URBANO,Ciudades y aglomeraciones,850000000
2021,2,2,URBANO,Ciudades y aglomeraciones,960000000
2021,2,2,URBANO,Ciudades y aglomeraciones,960000000
2021,2,2,URBANO,Ciudades y aglomeraciones,960000000
2021,1,2,URBANO,Ciudades y aglomeraciones,850000000
2021,2,2,URBANO,Ciudades y aglomeraciones,960000000
2021,1,1,URBANO,Ciudades y aglomeraciones,1000000000
2023,2,4,URBANO,Ciudades y aglomeraciones,1540000000
2021,1,2,URBANO,Ciudades y aglomeraciones,355000000
2023,1,1,URBANO,Ciudades y aglomeraciones,237000000
2021,2,1,URBANO,Ciudades y aglomeraciones,100053896
2022,2,2,URBANO,Ciudades y aglomeraciones,250000000
2021,1,1,URBANO,Ciudades y aglomeraciones,170000000
2022,1,1,URBANO,Ciudades y aglomeraciones,245000000
2022,2,1,URBANO,Ciudades y aglomeraciones,260000000
2023,2,1,URBANO,Ciudades y aglomeraciones,390000000
2021,1,1,URBANO,Ciudades y aglomeraciones,263000000
2022,2,2,URBANO,Ciudades y aglomeraciones,250000000
2021,1,1,URBANO,Ciudades y aglomeraciones,263000000
2022,2,1,URBANO,Ciudades y aglomeraciones,260000000
2021,1,1,URBANO,Ciudades y aglomeraciones,170000000
2022,1,1,URBANO,Ciudades y aglomeraciones,245000000
2023,1,1,URBANO,Ciudades y aglomeraciones,237000000
2023,2,1,URBANO,Ciudades y aglomeraciones,390000000
2021,2,1,URBANO,Ciudades y aglomeraciones,100053896
2021,1,1,URBANO,Ciudades y aglomeraciones,10000000
2023,2,1,URBANO,Ciudades y aglomeraciones,110000000
2021,1,1,URBANO,Ciudades y aglomeraciones,552000000
2022,1,2,URBANO,Ciudades y aglomeraciones,200000000
2021,1,1,URBANO,Ciudades y aglomeraciones,310000000
2021,1,1,URBANO,Ciudades y aglomeraciones,310000000
2022,1,2,URBANO,Ciudades y aglomeraciones,200000000
2022,1,2,URBANO,Ciudades y aglomeraciones,200000000
2021,1,1,URBANO,Ciudades y aglomeraciones,310000000
2022,1,3,URBANO,Ciudades y aglomeraciones,3100000000
2023,1,2,URBANO,Ciudades y aglomeraciones,185000000
2023,1,1,URBANO,Ciudades y aglomeraciones,306000000
2023,1,1,URBANO,Ciudades y aglomeraciones,306000000
2023,1,2,URBANO,Ciudades y aglomeraciones,185000000
2022,2,1,URBANO,Ciudades y aglomeraciones,160000000
2021,2,1,URBANO,Ciudades y aglomeraciones,400000000
2021,2,1,URBANO,Ciudades y aglomeraciones,400000000
2021,2,1,URBANO,Ciudades y aglomeraciones,400000000
2022,1,1,URBANO,Ciudades y aglomeraciones,459765088
2022,2,1,URBANO,Ciudades y aglomeraciones,270000000
2022,1,1,URBANO,Ciudades y aglomeraciones,459765088
2022,1,1,URBANO,Ciudades y aglomeraciones,460000000
2021,1,1,URBANO,Ciudades y aglomeraciones,170000000
2021,1,1,URBANO,Ciudades y aglomeraciones,170000000
2021,1,1,URBANO,Ciudades y aglomeraciones,140000000
2021,1,1,URBANO,Ciudades y aglomeraciones,170000000
2022,1,1,URBANO,Ciudades y aglomeraciones,459765088
2021,2,1,URBANO,Ciudades y aglomeraciones,400000000
2022,2,1,URBANO,Ciudades y aglomeraciones,450000000
2021,1,1,URBANO,Ciudades y aglomeraciones,460000000
2022,1,1,URBANO,Ciudades y aglomeraciones,455000000
2023,1,1,URBANO,Ciudades y aglomeraciones,577000000
2023,1,1,URBANO,Ciudades y aglomeraciones,550000000
2022,1,1,URBANO,Ciudades y aglomeraciones,459765088
2023,1,1,URBANO,Ciudades y aglomeraciones,550000000
2022,1,1,URBANO,Ciudades y aglomeraciones,460000000
2021,1,1,URBANO,Ciudades y aglomeraciones,170000000
2022,1,1,URBANO,Ciudades y aglomeraciones,455000000
2023,1,1,URBANO,Ciudades y aglomeraciones,577000000
2021,1,1,URBANO,Ciudades y aglomeraciones,140000000
2021,1,1,URBANO,Ciudades y aglomeraciones,460000000
2021,1,1,URBANO,Ciudades y aglomeraciones,170000000
2022,2,1,URBANO,Ciudades y aglomeraciones,270000000
2022,2,1,URBANO,Ciudades y aglomeraciones,450000000
2021,2,1,URBANO,Ciudades y aglomeraciones,400000000
2021,1,1,URBANO,Ciudades y aglomeraciones,170000000
2021,1,1,URBANO,Ciudades y aglomeraciones,50000000
2022,3,2,URBANO,Ciudades y aglomeraciones,214286000
2023,2,3,URBANO,Ciudades y aglomeraciones,170000000
2022,1,1,URBANO,Ciudades y aglomeraciones,35000000
2023,1,1,URBANO,Ciudades y aglomeraciones,70000000
2022,1,2,URBANO,Ciudades y aglomeraciones,40000000
2023,2,1,URBANO,Ciudades y aglomeraciones,80000000
2022,1,1,URBANO,Ciudades y aglomeraciones,13000000
2023,1,1,URBANO,Ciudades y aglomeraciones,110000000
2021,1,2,URBANO,Ciudades y aglomeraciones,15000000
2022,1,1,URBANO,Ciudades y aglomeraciones,35000000
2023,1,1,URBANO,Ciudades y aglomeraciones,39000000
2021,1,1,URBANO,Ciudades y aglomeraciones,75000000
2021,1,1,URBANO,Ciudades y aglomeraciones,103000000
2022,1,1,URBANO,Ciudades y aglomeraciones,150000000
2021,1,1,URBANO,Ciudades y aglomeraciones,26200000
2021,1,1,URBANO,Ciudades y aglomeraciones,40000000
2023,1,1,URBANO,Ciudades y aglomeraciones,65000000
2023,1,1,URBANO,Ciudades y aglomeraciones,65346092
2022,1,1,URBANO,Ciudades y aglomeraciones,230000000
2021,1,1,URBANO,Ciudades y aglomeraciones,237000000
2022,1,1,URBANO,Ciudades y aglomeraciones,200000000
2022,1,1,URBANO,Ciudades y aglomeraciones,230000000
2021,1,1,URBANO,Ciudades y aglomeraciones,237000000
2022,1,1,URBANO,Ciudades y aglomeraciones,100000000
2023,1,1,URBANO,Ciudades y aglomeraciones,93000000
2023,1,1,URBANO,Ciudades y aglomeraciones,93000000
2022,1,2,URBANO,Ciudades y aglomeraciones,780000000
2023,2,3,URBANO,Ciudades y aglomeraciones,55000000
2022,1,1,URBANO,Ciudades y aglomeraciones,16000000
2021,1,1,URBANO,Ciudades y aglomeraciones,30000000
2022,1,1,URBANO,Ciudades y aglomeraciones,30000000
2022,1,1,URBANO,Ciudades y aglomeraciones,30000000
2021,1,1,URBANO,Ciudades y aglomeraciones,20000000
2023,2,1,URBANO,Ciudades y aglomeraciones,25000000
2022,1,1,URBANO,Ciudades y aglomeraciones,22500000
2022,1,4,URBANO,Ciudades y aglomeraciones,30000000
2023,1,1,URBANO,Ciudades y aglomeraciones,75000000
2023,1,2,URBANO,Ciudades y aglomeraciones,70000000
2021,1,1,URBANO,Ciudades y aglomeraciones,15000000
2021,1,1,URBANO,Ciudades y aglomeraciones,32000000
2023,1,1,URBANO,Ciudades y aglomeraciones,19200000
2021,1,2,URBANO,Ciudades y aglomeraciones,290000000
2023,1,1,URBANO,Ciudades y aglomeraciones,39000000
2021,1,1,URBANO,Ciudades y aglomeraciones,3000000000
2021,1,1,URBANO,Ciudades y aglomeraciones,3000000000
2021,1,1,URBANO,Ciudades y aglomeraciones,3000000000
2021,1,1,URBANO,Ciudades y aglomeraciones,3000000000
2021,1,1,URBANO,Ciudades y aglomeraciones,3000000000
2021,1,1,URBANO,Ciudades y aglomeraciones,3000000000
2021,1,1,URBANO,Ciudades y aglomeraciones,3000000000
2021,1,1,URBANO,Ciudades y aglomeraciones,3000000000
2021,1,1,URBANO,Ciudades y aglomeraciones,3000000000
2021,1,1,URBANO,Ciudades y aglomeraciones,3000000000
2021,1,1,URBANO,Ciudades y aglomeraciones,3000000000
2021,1,1,URBANO,Ciudades y aglomeraciones,3000000000
2021,1,1,URBANO,Ciudades y aglomeraciones,3000000000
2021,1,1,URBANO,Ciudades y aglomeraciones,3000000000
2021,1,1,URBANO,Ciudades y aglomeraciones,3000000000
2021,1,1,URBANO,Ciudades y aglomeraciones,3000000000
2023,2,2,URBANO,Ciudades y aglomeraciones,380000000
2022,2,1,URBANO,Ciudades y aglomeraciones,300000000
2021,1,1,URBANO,Ciudades y aglomeraciones,280000000
2022,2,1,URBANO,Ciudades y aglomeraciones,300000000
2023,2,2,URBANO,Ciudades y aglomeraciones,20000000
2023,1,1,URBANO,Ciudades y aglomeraciones,2670000.0
2021,1,1,URBANO,Ciudades y aglomeraciones,280000000
2022,2,1,URBANO,Ciudades y aglomeraciones,300000000
2023,2,2,URBANO,Ciudades y aglomeraciones,50000000
2021,1,1,URBANO,Ciudades y aglomeraciones,280000000
2023,1,1,URBANO,Ciudades y aglomeraciones,85000000
2021,1,1,URBANO,Ciudades y aglomeraciones,85000000
2022,1,1,URBANO,Ciudades y aglomeraciones,20000000
2022,1,1,URBANO,Ciudades y aglomeraciones,70000000
2022,2,6,URBANO,Ciudades y aglomeraciones,420000000
2023,2,1,URBANO,Ciudades y aglomeraciones,330000000
2021,2,2,URBANO,Ciudades y aglomeraciones,550000000
2021,1,1,URBANO,Ciudades y aglomeraciones,453800000
2023,1,4,URBANO,Ciudades y aglomeraciones,700000000
2021,1,1,URBANO,Ciudades y aglomeraciones,350000000
2022,1,1,URBANO,Ciudades y aglomeraciones,350000000
2021,2,2,URBANO,Ciudades y aglomeraciones,550000000
2022,1,1,URBANO,Ciudades y aglomeraciones,350000000
2021,1,1,URBANO,Ciudades y aglomeraciones,453800000
2021,1,1,URBANO,Ciudades y aglomeraciones,350000000
2022,2,6,URBANO,Ciudades y aglomeraciones,420000000
2023,2,1,URBANO,Ciudades y aglomeraciones,330000000
2023,1,4,URBANO,Ciudades y aglomeraciones,700000000
2022,1,3,URBANO,Ciudades y aglomeraciones,450000000
2021,1,1,URBANO,Ciudades y aglomeraciones,398475008
2023,1,3,URBANO,Ciudades y aglomeraciones,650000000
2023,1,3,URBANO,Ciudades y aglomeraciones,650000000
2022,1,1,URBANO,Ciudades y aglomeraciones,580000000
2022,1,1,URBANO,Ciudades y aglomeraciones,580000000
2021,1,1,URBANO,Ciudades y aglomeraciones,613500030
2021,1,1,URBANO,Ciudades y aglomeraciones,613500030
2022,1,1,URBANO,Ciudades y aglomeraciones,600000000
2022,1,1,URBANO,Ciudades y aglomeraciones,466284000
2022,1,1,URBANO,Ciudades y aglomeraciones,466284000
2022,1,1,URBANO,Ciudades y aglomeraciones,466284000
2022,1,2,URBANO,Ciudades y aglomeraciones,640000000
2022,1,2,URBANO,Ciudades y aglomeraciones,640000000
2022,1,1,URBANO,Ciudades y aglomeraciones,580000000
2021,1,2,URBANO,Ciudades y aglomeraciones,35000000
2021,2,1,URBANO,Ciudades y aglomeraciones,780000000
2021,2,1,URBANO,Ciudades y aglomeraciones,780000000
2022,1,3,URBANO,Ciudades y aglomeraciones,450000000
2021,2,1,URBANO,Ciudades y aglomeraciones,780000000
2023,1,3,URBANO,Ciudades y aglomeraciones,650000000
2022,1,1,URBANO,Ciudades y aglomeraciones,580000000
2021,1,1,URBANO,Ciudades y aglomeraciones,398475008
2022,1,1,URBANO,Ciudades y aglomeraciones,200000000
2022,1,1,URBANO,Ciudades y aglomeraciones,200000000
2022,1,1,URBANO,Ciudades y aglomeraciones,22000000
2023,1,1,URBANO,Ciudades y aglomeraciones,60000000
2023,2,1,URBANO,Ciudades y aglomeraciones,270000000
2023,1,1,URBANO,Ciudades y aglomeraciones,160000000
2022,1,1,URBANO,Ciudades y aglomeraciones,100000000
2021,1,1,URBANO,Ciudades y aglomeraciones,212000000
2022,1,1,URBANO,Ciudades y aglomeraciones,120000000
2023,2,2,URBANO,Ciudades y aglomeraciones,180000000
2022,1,2,URBANO,Ciudades y aglomeraciones,150000000
2022,1,1,URBANO,Ciudades y aglomeraciones,100000000
2022,2,1,URBANO,Ciudades y aglomeraciones,190000000
2023,1,1,URBANO,Ciudades y aglomeraciones,170000000
2022,1,1,URBANO,Ciudades y aglomeraciones,98000000
2022,1,1,URBANO,Ciudades y aglomeraciones,202500000
2021,2,2,URBANO,Ciudades y aglomeraciones,210000000
2023,1,1,URBANO,Ciudades y aglomeraciones,172200000
2022,2,1,URBANO,Ciudades y aglomeraciones,180000000
2021,1,1,URBANO,Ciudades y aglomeraciones,100000000
2022,0,2,URBANO,Ciudades y aglomeraciones,223000000
2023,1,1,URBANO,Ciudades y aglomeraciones,200000000
2023,2,1,URBANO,Ciudades y aglomeraciones,160000000
2021,1,2,URBANO,Ciudades y aglomeraciones,100000000
2022,1,1,URBANO,Ciudades y aglomeraciones,100000000
2023,1,2,URBANO,Ciudades y aglomeraciones,257000000
2023,1,1,URBANO,Ciudades y aglomeraciones,200000000
2023,4,2,URBANO,Ciudades y aglomeraciones,380000000
2023,4,4,URBANO,Ciudades y aglomeraciones,225000000
2022,1,2,URBANO,Ciudades y aglomeraciones,150000000
2023,1,1,URBANO,Ciudades y aglomeraciones,240000000
2021,1,2,URBANO,Ciudades y aglomeraciones,185000000
2022,1,3,URBANO,Ciudades y aglomeraciones,220000000
2021,1,1,URBANO,Ciudades y aglomeraciones,165000000
2022,1,1,URBANO,Ciudades y aglomeraciones,200000000
2023,1,1,URBANO,Ciudades y aglomeraciones,156000000
2021,2,1,URBANO,Ciudades y aglomeraciones,215000000
2022,1,2,URBANO,Ciudades y aglomeraciones,227500000
2021,2,1,URBANO,Ciudades y aglomeraciones,100000000
2022,1,1,URBANO,Ciudades y aglomeraciones,102000000
2023,1,1,URBANO,Ciudades y aglomeraciones,235000000
2022,1,1,URBANO,Ciudades y aglomeraciones,167000000
2023,1,2,URBANO,Ciudades y aglomeraciones,230000000
2021,1,1,URBANO,Ciudades y aglomeraciones,213000000
2021,2,2,URBANO,Ciudades y aglomeraciones,201240000
2021,1,1,URBANO,Ciudades y aglomeraciones,150000000
2017,1,1,RURAL,Intermedio,9000000.0
2022,1,2,URBANO,Ciudades y aglomeraciones,130000000
2021,1,1,URBANO,Ciudades y aglomeraciones,205000000
2022,1,1,URBANO,Ciudades y aglomeraciones,195000000
2022,1,2,URBANO,Ciudades y aglomeraciones,215000000
2022,1,1,URBANO,Ciudades y aglomeraciones,238000000
2023,1,2,URBANO,Ciudades y aglomeraciones,143452000
2021,1,4,URBANO,Ciudades y aglomeraciones,365000000
2023,1,1,URBANO,Ciudades y aglomeraciones,280000000
2023,3,2,URBANO,Ciudades y aglomeraciones,250000000
2021,2,1,URBANO,Ciudades y aglomeraciones,345000000
2021,1,1,URBANO,Ciudades y aglomeraciones,327465984
2023,3,2,URBANO,Ciudades y aglomeraciones,250000000
2021,2,1,URBANO,Ciudades y aglomeraciones,345000000
2021,1,4,URBANO,Ciudades y aglomeraciones,365000000
2023,1,1,URBANO,Ciudades y aglomeraciones,280000000
2021,1,1,URBANO,Ciudades y aglomeraciones,327465984
2021,1,2,URBANO,Ciudades y aglomeraciones,250000000
2021,1,1,URBANO,Ciudades y aglomeraciones,290000000
2022,2,1,URBANO,Ciudades y aglomeraciones,423500000
2021,1,2,URBANO,Ciudades y aglomeraciones,360000000
2023,1,1,URBANO,Ciudades y aglomeraciones,310000000
2023,1,1,URBANO,Ciudades y aglomeraciones,310000000
2023,1,1,URBANO,Ciudades y aglomeraciones,28000000
2023,1,4,URBANO,Ciudades y aglomeraciones,380000000
2022,1,1,URBANO,Ciudades y aglomeraciones,150000000
2021,2,1,URBANO,Ciudades y aglomeraciones,22000000
2023,1,2,URBANO,Ciudades y aglomeraciones,99000000
2023,1,1,URBANO,Ciudades y aglomeraciones,158000000
2021,1,1,URBANO,Ciudades y aglomeraciones,80000000
2023,1,1,URBANO,Ciudades y aglomeraciones,100000000
2022,1,1,URBANO,Ciudades y aglomeraciones,165000000
2023,1,1,URBANO,Ciudades y aglomeraciones,4000000.0
2021,1,1,URBANO,Ciudades y aglomeraciones,155000000
2023,1,1,URBANO,Ciudades y aglomeraciones,48000000
2023,1,1,URBANO,Ciudades y aglomeraciones,60000000
2023,2,1,URBANO,Ciudades y aglomeraciones,93500000
2022,1,2,URBANO,Ciudades y aglomeraciones,300000000
2022,2,1,URBANO,Ciudades y aglomeraciones,770000000
2022,1,1,URBANO,Ciudades y aglomeraciones,690000000
2023,2,2,URBANO,Ciudades y aglomeraciones,1630000000
2023,2,2,URBANO,Ciudades y aglomeraciones,1400000000
2022,2,1,URBANO,Ciudades y aglomeraciones,1424999940
2022,1,1,URBANO,Ciudades y aglomeraciones,1050000000
2022,2,1,URBANO,Ciudades y aglomeraciones,890000000
2022,2,1,URBANO,Ciudades y aglomeraciones,1650000000
2023,2,2,URBANO,Ciudades y aglomeraciones,1630000000
2023,2,2,URBANO,Ciudades y aglomeraciones,1630000000
2022,2,1,URBANO,Ciudades y aglomeraciones,1424999940
2022,2,1,URBANO,Ciudades y aglomeraciones,1424999940
2022,1,1,URBANO,Ciudades y aglomeraciones,1050000000
2022,1,1,URBANO,Ciudades y aglomeraciones,1050000000
2022,1,1,URBANO,Ciudades y aglomeraciones,690000000
2022,1,1,URBANO,Ciudades y aglomeraciones,690000000
2023,2,2,URBANO,Ciudades y aglomeraciones,1400000000
2023,2,2,URBANO,Ciudades y aglomeraciones,1400000000
2022,2,1,URBANO,Ciudades y aglomeraciones,1650000000
2022,2,1,URBANO,Ciudades y aglomeraciones,890000000
2022,2,1,URBANO,Ciudades y aglomeraciones,890000000
2023,2,1,URBANO,Ciudades y aglomeraciones,30000000
2022,2,1,URBANO,Ciudades y aglomeraciones,770000000
2022,2,1,URBANO,Ciudades y aglomeraciones,770000000
2022,2,1,URBANO,Ciudades y aglomeraciones,770000000
2022,2,1,URBANO,Ciudades y aglomeraciones,1650000000
2022,2,1,URBANO,Ciudades y aglomeraciones,890000000
2021,1,1,URBANO,Ciudades y aglomeraciones,136131008
2023,1,1,URBANO,Ciudades y aglomeraciones,24533000
2023,1,1,URBANO,Ciudades y aglomeraciones,200000000
2021,1,1,URBANO,Ciudades y aglomeraciones,180000000
2021,2,1,URBANO,Ciudades y aglomeraciones,180000000
2023,1,1,URBANO,Ciudades y aglomeraciones,190000000
2021,1,2,URBANO,Ciudades y aglomeraciones,80000000
2023,1,1,URBANO,Ciudades y aglomeraciones,110000000
2021,1,1,URBANO,Ciudades y aglomeraciones,80398496
2021,1,2,URBANO,Ciudades y aglomeraciones,80000000
2023,1,1,URBANO,Ciudades y aglomeraciones,110000000
2021,1,2,URBANO,Ciudades y aglomeraciones,80000000
2023,1,1,URBANO,Ciudades y aglomeraciones,110000000
2023,1,1,URBANO,Ciudades y aglomeraciones,190000000
2021,1,1,URBANO,Ciudades y aglomeraciones,80398496
2023,1,2,URBANO,Ciudades y aglomeraciones,55000000
2022,2,1,URBANO,Ciudades y aglomeraciones,800000000
2022,1,1,URBANO,Ciudades y aglomeraciones,651699010
2022,2,1,URBANO,Ciudades y aglomeraciones,846000000
2023,4,2,URBANO,Ciudades y aglomeraciones,700000000
2023,4,2,URBANO,Ciudades y aglomeraciones,700000000
2023,4,2,URBANO,Ciudades y aglomeraciones,700000000
2023,1,1,URBANO,Ciudades y aglomeraciones,1388151040
2023,2,1,URBANO,Ciudades y aglomeraciones,1388651010
2023,1,1,URBANO,Ciudades y aglomeraciones,1388151040
2023,2,1,URBANO,Ciudades y aglomeraciones,1388651010
2021,2,1,URBANO,Ciudades y aglomeraciones,40000000
2022,1,2,URBANO,Ciudades y aglomeraciones,1400000000
2022,1,2,URBANO,Ciudades y aglomeraciones,1400000000
2022,2,1,URBANO,Ciudades y aglomeraciones,846000000
2022,2,1,URBANO,Ciudades y aglomeraciones,846000000
2022,2,1,URBANO,Ciudades y aglomeraciones,846000000
2021,2,1,URBANO,Ciudades y aglomeraciones,720000000
2022,1,1,URBANO,Ciudades y aglomeraciones,651699010
2022,2,1,URBANO,Ciudades y aglomeraciones,800000000
2022,2,1,URBANO,Ciudades y aglomeraciones,800000000
2022,2,1,URBANO,Ciudades y aglomeraciones,800000000
2021,2,1,URBANO,Ciudades y aglomeraciones,720000000
2021,1,2,URBANO,Ciudades y aglomeraciones,1270000000
2021,1,2,URBANO,Ciudades y aglomeraciones,1270000000
2021,1,2,URBANO,Ciudades y aglomeraciones,1270000000
2022,1,1,URBANO,Ciudades y aglomeraciones,1420000000
2022,1,1,URBANO,Ciudades y aglomeraciones,1420000000
2022,1,1,URBANO,Ciudades y aglomeraciones,1420000000
2022,1,1,URBANO,Ciudades y aglomeraciones,938000000
2022,1,1,URBANO,Ciudades y aglomeraciones,938000000
2022,1,1,URBANO,Ciudades y aglomeraciones,938000000
2022,1,1,URBANO,Ciudades y aglomeraciones,938000000
2022,2,2,URBANO,Ciudades y aglomeraciones,1070000000
2022,2,2,URBANO,Ciudades y aglomeraciones,1070000000
2022,1,2,URBANO,Ciudades y aglomeraciones,850000000
2022,1,2,URBANO,Ciudades y aglomeraciones,850000000
2022,1,2,URBANO,Ciudades y aglomeraciones,850000000
2022,2,2,URBANO,Ciudades y aglomeraciones,1070000000
2021,1,2,URBANO,Ciudades y aglomeraciones,1270000000
2022,2,2,URBANO,Ciudades y aglomeraciones,1070000000
2022,1,2,URBANO,Ciudades y aglomeraciones,850000000
2022,1,2,URBANO,Ciudades y aglomeraciones,850000000
2022,2,2,URBANO,Ciudades y aglomeraciones,1070000000
2022,1,1,URBANO,Ciudades y aglomeraciones,1420000000
2021,1,2,URBANO,Ciudades y aglomeraciones,1270000000
2022,1,1,URBANO,Ciudades y aglomeraciones,938000000
2022,1,2,URBANO,Ciudades y aglomeraciones,850000000
2022,1,1,URBANO,Ciudades y aglomeraciones,400000000
2023,2,2,URBANO,Ciudades y aglomeraciones,628000000
2021,1,1,URBANO,Ciudades y aglomeraciones,62000000
2021,1,1,URBANO,Ciudades y aglomeraciones,25000000
2021,1,1,URBANO,Ciudades y aglomeraciones,875000000
2022,1,1,URBANO,Ciudades y aglomeraciones,700000000
2023,1,2,URBANO,Ciudades y aglomeraciones,700000000
2021,2,2,URBANO,Ciudades y aglomeraciones,671000000
2022,2,2,URBANO,Ciudades y aglomeraciones,815000000
2022,1,1,URBANO,Ciudades y aglomeraciones,730000000
2021,1,1,URBANO,Ciudades y aglomeraciones,915000000
2021,2,1,URBANO,Ciudades y aglomeraciones,700000000
2022,2,1,URBANO,Ciudades y aglomeraciones,850000000
2020,1,1,RURAL,Intermedio,323000000
2022,1,1,URBANO,Ciudades y aglomeraciones,530000000
2021,1,2,URBANO,Ciudades y aglomeraciones,980000000
2021,2,1,URBANO,Ciudades y aglomeraciones,700000000
2021,2,1,URBANO,Ciudades y aglomeraciones,700000000
2022,2,1,URBANO,Ciudades y aglomeraciones,850000000
2021,1,2,URBANO,Ciudades y aglomeraciones,510000000
2022,2,1,URBANO,Ciudades y aglomeraciones,850000000
2021,2,2,URBANO,Ciudades y aglomeraciones,671000000
2021,2,2,URBANO,Ciudades y aglomeraciones,671000000
2023,1,2,URBANO,Ciudades y aglomeraciones,700000000
2023,1,2,URBANO,Ciudades y aglomeraciones,700000000
2021,1,1,URBANO,Ciudades y aglomeraciones,915000000
2021,1,1,URBANO,Ciudades y aglomeraciones,915000000
2021,1,2,URBANO,Ciudades y aglomeraciones,980000000
2021,1,2,URBANO,Ciudades y aglomeraciones,980000000
2022,1,1,URBANO,Ciudades y aglomeraciones,530000000
2022,1,1,URBANO,Ciudades y aglomeraciones,530000000
2022,1,1,URBANO,Ciudades y aglomeraciones,700000000
2022,1,1,URBANO,Ciudades y aglomeraciones,700000000
2021,1,1,URBANO,Ciudades y aglomeraciones,875000000
2021,1,1,URBANO,Ciudades y aglomeraciones,875000000
2022,1,1,URBANO,Ciudades y aglomeraciones,730000000
2022,1,1,URBANO,Ciudades y aglomeraciones,730000000
2022,2,2,URBANO,Ciudades y aglomeraciones,815000000
2022,2,2,URBANO,Ciudades y aglomeraciones,815000000
2022,1,2,URBANO,Ciudades y aglomeraciones,28000000
2023,1,1,URBANO,Ciudades y aglomeraciones,29400000
2022,1,2,URBANO,Ciudades y aglomeraciones,170000000
2021,1,2,URBANO,Ciudades y aglomeraciones,510000000
2023,2,2,URBANO,Ciudades y aglomeraciones,181400000
2023,2,2,URBANO,Ciudades y aglomeraciones,181400000
2022,1,1,URBANO,Ciudades y aglomeraciones,400000000
2023,2,2,URBANO,Ciudades y aglomeraciones,628000000
2021,1,2,URBANO,Ciudades y aglomeraciones,510000000
2023,2,1,URBANO,Ciudades y aglomeraciones,1700000000
2022,1,1,URBANO,Ciudades y aglomeraciones,630000000
2022,1,1,URBANO,Ciudades y aglomeraciones,630000000
2022,2,2,URBANO,Ciudades y aglomeraciones,780000000
2022,2,2,URBANO,Ciudades y aglomeraciones,780000000
2022,2,2,URBANO,Ciudades y aglomeraciones,780000000
2022,2,2,URBANO,Ciudades y aglomeraciones,950000000
2022,1,1,URBANO,Ciudades y aglomeraciones,400000000
2023,2,2,URBANO,Ciudades y aglomeraciones,628000000
2023,1,2,URBANO,Ciudades y aglomeraciones,650000000
2023,1,2,URBANO,Ciudades y aglomeraciones,650000000
2022,1,3,URBANO,Ciudades y aglomeraciones,800000000
2023,2,1,URBANO,Ciudades y aglomeraciones,700000000
2023,2,1,URBANO,Ciudades y aglomeraciones,700000000
2022,1,3,URBANO,Ciudades y aglomeraciones,800000000
2021,1,1,URBANO,Ciudades y aglomeraciones,910000000
2021,1,1,URBANO,Ciudades y aglomeraciones,910000000
2021,1,1,URBANO,Ciudades y aglomeraciones,910000000
2023,1,1,URBANO,Ciudades y aglomeraciones,41364000
2023,1,1,URBANO,Ciudades y aglomeraciones,41364000
2022,1,1,RURAL,Intermedio,12000000
2022,1,2,URBANO,Ciudades y aglomeraciones,19000000
2021,1,1,URBANO,Ciudades y aglomeraciones,775000000
2021,1,1,URBANO,Ciudades y aglomeraciones,775000000
2023,1,1,URBANO,Ciudades y aglomeraciones,30000000
2021,2,2,URBANO,Ciudades y aglomeraciones,770000000
2021,2,2,URBANO,Ciudades y aglomeraciones,770000000
2021,1,3,URBANO,Ciudades y aglomeraciones,900000000
2021,1,3,URBANO,Ciudades y aglomeraciones,900000000
2022,1,1,URBANO,Ciudades y aglomeraciones,805000000
2023,1,2,URBANO,Ciudades y aglomeraciones,950000000
2022,1,2,URBANO,Ciudades y aglomeraciones,750000000
2023,2,1,URBANO,Ciudades y aglomeraciones,1700000000
2023,2,1,URBANO,Ciudades y aglomeraciones,1700000000
2022,2,2,URBANO,Ciudades y aglomeraciones,950000000
2022,1,1,URBANO,Ciudades y aglomeraciones,805000000
2023,1,2,URBANO,Ciudades y aglomeraciones,950000000
2022,1,2,URBANO,Ciudades y aglomeraciones,750000000
2022,2,2,URBANO,Ciudades y aglomeraciones,780000000
2021,1,1,URBANO,Ciudades y aglomeraciones,910000000
2023,2,1,URBANO,Ciudades y aglomeraciones,700000000
2022,1,3,URBANO,Ciudades y aglomeraciones,800000000
2022,1,1,URBANO,Ciudades y aglomeraciones,630000000
2023,1,2,URBANO,Ciudades y aglomeraciones,650000000
2021,2,2,URBANO,Ciudades y aglomeraciones,770000000
2021,1,3,URBANO,Ciudades y aglomeraciones,900000000
2021,1,1,URBANO,Ciudades y aglomeraciones,775000000
2022,1,1,URBANO,Ciudades y aglomeraciones,25000000
2022,2,2,URBANO,Ciudades y aglomeraciones,950000000
2022,1,1,URBANO,Ciudades y aglomeraciones,805000000
2021,2,2,URBANO,Ciudades y aglomeraciones,770000000
2021,1,1,URBANO,Ciudades y aglomeraciones,775000000
2022,1,3,URBANO,Ciudades y aglomeraciones,800000000
2022,2,2,URBANO,Ciudades y aglomeraciones,780000000
2023,1,2,URBANO,Ciudades y aglomeraciones,650000000
2023,2,1,URBANO,Ciudades y aglomeraciones,700000000
2022,1,2,URBANO,Ciudades y aglomeraciones,750000000
2022,1,1,URBANO,Ciudades y aglomeraciones,630000000
2021,1,3,URBANO,Ciudades y aglomeraciones,900000000
2021,1,1,URBANO,Ciudades y aglomeraciones,910000000
2023,1,2,URBANO,Ciudades y aglomeraciones,950000000
2023,2,1,URBANO,Ciudades y aglomeraciones,1700000000
2023,1,1,URBANO,Ciudades y aglomeraciones,250000000
2022,1,1,URBANO,Ciudades y aglomeraciones,238622896
2022,1,1,URBANO,Ciudades y aglomeraciones,121414888
2023,2,2,URBANO,Ciudades y aglomeraciones,13200000
2023,1,2,URBANO,Ciudades y aglomeraciones,535000000
2023,1,2,URBANO,Ciudades y aglomeraciones,550000000
2023,1,2,URBANO,Ciudades y aglomeraciones,550000000
2023,1,1,URBANO,Ciudades y aglomeraciones,303000000
2023,1,1,URBANO,Ciudades y aglomeraciones,400000000
2023,1,1,URBANO,Ciudades y aglomeraciones,400000000
2023,1,1,URBANO,Ciudades y aglomeraciones,303000000
2023,1,2,URBANO,Ciudades y aglomeraciones,535000000
2023,1,1,URBANO,Ciudades y aglomeraciones,303000000
2023,1,2,URBANO,Ciudades y aglomeraciones,550000000
2023,1,1,URBANO,Ciudades y aglomeraciones,400000000
2023,1,2,URBANO,Ciudades y aglomeraciones,535000000
2021,2,2,URBANO,Ciudades y aglomeraciones,230000000
2021,1,1,URBANO,Ciudades y aglomeraciones,200000000
2023,1,1,URBANO,Ciudades y aglomeraciones,260000000
2023,1,1,URBANO,Ciudades y aglomeraciones,20000000
2021,2,2,URBANO,Ciudades y aglomeraciones,230000000
2023,1,1,URBANO,Ciudades y aglomeraciones,5000000.0
2022,1,2,URBANO,Ciudades y aglomeraciones,80000000
2021,1,1,URBANO,Ciudades y aglomeraciones,52000000
2021,1,1,URBANO,Ciudades y aglomeraciones,51000000
2022,1,1,URBANO,Ciudades y aglomeraciones,57000000
2023,1,1,URBANO,Ciudades y aglomeraciones,100000000
2023,1,1,URBANO,Ciudades y aglomeraciones,95000000
2023,1,1,URBANO,Ciudades y aglomeraciones,101000000
2022,1,1,URBANO,Ciudades y aglomeraciones,85000000
2023,1,1,URBANO,Ciudades y aglomeraciones,70000000
2022,1,1,URBANO,Ciudades y aglomeraciones,150000000
2022,1,1,URBANO,Ciudades y aglomeraciones,150000000
2022,1,1,URBANO,Ciudades y aglomeraciones,150000000
2023,1,1,URBANO,Ciudades y aglomeraciones,300000000
2022,4,1,URBANO,Ciudades y aglomeraciones,325000000
2021,1,2,URBANO,Ciudades y aglomeraciones,310000000
2023,2,1,URBANO,Ciudades y aglomeraciones,370000000
2022,2,1,URBANO,Ciudades y aglomeraciones,255000000
2022,1,2,URBANO,Ciudades y aglomeraciones,180000000
2022,2,1,URBANO,Ciudades y aglomeraciones,230000000
2022,1,1,URBANO,Ciudades y aglomeraciones,250000000
2022,2,3,URBANO,Ciudades y aglomeraciones,220000000
2023,1,1,URBANO,Ciudades y aglomeraciones,250000000
2021,1,1,URBANO,Ciudades y aglomeraciones,10000000
2021,1,2,URBANO,Ciudades y aglomeraciones,300000000
2023,1,1,URBANO,Ciudades y aglomeraciones,310000000
2022,1,1,URBANO,Ciudades y aglomeraciones,178000000
2021,1,2,URBANO,Ciudades y aglomeraciones,80000000
2022,1,2,URBANO,Ciudades y aglomeraciones,172000000
2022,1,1,URBANO,Ciudades y aglomeraciones,160000000
2022,1,2,URBANO,Ciudades y aglomeraciones,180000000
2023,1,1,URBANO,Ciudades y aglomeraciones,300000000
2022,1,1,URBANO,Ciudades y aglomeraciones,250000000
2021,1,2,URBANO,Ciudades y aglomeraciones,310000000
2023,2,1,URBANO,Ciudades y aglomeraciones,370000000
2022,4,1,URBANO,Ciudades y aglomeraciones,325000000
2023,1,1,URBANO,Ciudades y aglomeraciones,250000000
2022,1,1,URBANO,Ciudades y aglomeraciones,190692992
2022,1,2,URBANO,Ciudades y aglomeraciones,180000000
2023,1,1,URBANO,Ciudades y aglomeraciones,310000000
2021,1,2,URBANO,Ciudades y aglomeraciones,300000000
2022,2,3,URBANO,Ciudades y aglomeraciones,220000000
2022,2,1,URBANO,Ciudades y aglomeraciones,255000000
2022,2,1,URBANO,Ciudades y aglomeraciones,230000000
2022,1,1,URBANO,Ciudades y aglomeraciones,140000000
2023,1,1,URBANO,Ciudades y aglomeraciones,330000000
2023,1,1,URBANO,Ciudades y aglomeraciones,10953000
2022,2,1,URBANO,Ciudades y aglomeraciones,185000000
2023,1,1,URBANO,Ciudades y aglomeraciones,150000000
2023,1,1,URBANO,Ciudades y aglomeraciones,83426000
2022,1,1,URBANO,Ciudades y aglomeraciones,174000000
2022,1,1,URBANO,Ciudades y aglomeraciones,750136380
2022,2,2,URBANO,Ciudades y aglomeraciones,361000000
2021,2,2,URBANO,Ciudades y aglomeraciones,405000000
2022,2,2,URBANO,Ciudades y aglomeraciones,405000000
2022,2,1,URBANO,Ciudades y aglomeraciones,410000000
2022,1,1,URBANO,Ciudades y aglomeraciones,490000000
2023,1,1,URBANO,Ciudades y aglomeraciones,260000000
2022,1,1,URBANO,Ciudades y aglomeraciones,235000000
2023,2,1,URBANO,Ciudades y aglomeraciones,363000000
2021,2,2,URBANO,Ciudades y aglomeraciones,355000000
2021,2,1,URBANO,Ciudades y aglomeraciones,380000000
2023,1,1,URBANO,Ciudades y aglomeraciones,520000000
2022,1,1,URBANO,Ciudades y aglomeraciones,530000000
2022,1,1,URBANO,Ciudades y aglomeraciones,490000000
2022,1,1,URBANO,Ciudades y aglomeraciones,235000000
2023,1,1,URBANO,Ciudades y aglomeraciones,260000000
2021,2,1,URBANO,Ciudades y aglomeraciones,260000000
2023,1,1,URBANO,Ciudades y aglomeraciones,492500000
2023,1,1,URBANO,Ciudades y aglomeraciones,385000000
2023,2,1,URBANO,Ciudades y aglomeraciones,363000000
2023,2,2,URBANO,Ciudades y aglomeraciones,300000000
2021,1,1,URBANO,Ciudades y aglomeraciones,405000000
2023,1,2,URBANO,Ciudades y aglomeraciones,538000000
2021,2,2,URBANO,Ciudades y aglomeraciones,50000000
2023,1,2,URBANO,Ciudades y aglomeraciones,538000000
2023,2,2,URBANO,Ciudades y aglomeraciones,300000000
2023,1,1,URBANO,Ciudades y aglomeraciones,492500000
2023,1,1,URBANO,Ciudades y aglomeraciones,385000000
2023,2,1,URBANO,Ciudades y aglomeraciones,363000000
2022,1,1,URBANO,Ciudades y aglomeraciones,490000000
2021,1,1,URBANO,Ciudades y aglomeraciones,405000000
2023,1,2,URBANO,Ciudades y aglomeraciones,538000000
2022,1,1,URBANO,Ciudades y aglomeraciones,235000000
2023,1,1,URBANO,Ciudades y aglomeraciones,260000000
2023,2,2,URBANO,Ciudades y aglomeraciones,300000000
2022,2,2,URBANO,Ciudades y aglomeraciones,361000000
2021,2,2,URBANO,Ciudades y aglomeraciones,405000000
2022,2,2,URBANO,Ciudades y aglomeraciones,405000000
2022,2,1,URBANO,Ciudades y aglomeraciones,410000000
2022,1,1,URBANO,Ciudades y aglomeraciones,530000000
2023,1,1,URBANO,Ciudades y aglomeraciones,520000000
2021,2,1,URBANO,Ciudades y aglomeraciones,380000000
2021,2,2,URBANO,Ciudades y aglomeraciones,355000000
2021,1,1,URBANO,Ciudades y aglomeraciones,385000000
2023,1,2,URBANO,Ciudades y aglomeraciones,495000000
2021,1,1,URBANO,Ciudades y aglomeraciones,385000000
2023,1,2,URBANO,Ciudades y aglomeraciones,495000000
2022,2,1,URBANO,Ciudades y aglomeraciones,410000000
2021,2,2,URBANO,Ciudades y aglomeraciones,405000000
2022,2,2,URBANO,Ciudades y aglomeraciones,405000000
2021,1,1,URBANO,Ciudades y aglomeraciones,385000000
2022,2,2,URBANO,Ciudades y aglomeraciones,361000000
2023,1,2,URBANO,Ciudades y aglomeraciones,495000000
2022,1,1,URBANO,Ciudades y aglomeraciones,530000000
2023,1,1,URBANO,Ciudades y aglomeraciones,520000000
2021,1,1,URBANO,Ciudades y aglomeraciones,160000000
2022,2,1,URBANO,Ciudades y aglomeraciones,193000000
2021,1,1,URBANO,Ciudades y aglomeraciones,200000000
2022,2,1,URBANO,Ciudades y aglomeraciones,230000000
2022,1,1,URBANO,Ciudades y aglomeraciones,240000000
2021,1,1,URBANO,Ciudades y aglomeraciones,200000000
2021,1,1,URBANO,Ciudades y aglomeraciones,160000000
2022,1,1,URBANO,Ciudades y aglomeraciones,240000000
2022,2,1,URBANO,Ciudades y aglomeraciones,230000000
2022,2,1,URBANO,Ciudades y aglomeraciones,193000000
2023,2,1,URBANO,Ciudades y aglomeraciones,300000000
2022,1,1,URBANO,Ciudades y aglomeraciones,400000000
2023,1,1,URBANO,Ciudades y aglomeraciones,430000000
2023,2,1,URBANO,Ciudades y aglomeraciones,300000000
2022,1,1,URBANO,Ciudades y aglomeraciones,400000000
2023,1,1,URBANO,Ciudades y aglomeraciones,430000000
2022,1,1,URBANO,Ciudades y aglomeraciones,400000000
2023,1,1,URBANO,Ciudades y aglomeraciones,430000000
2023,2,1,URBANO,Ciudades y aglomeraciones,300000000
2022,1,1,URBANO,Ciudades y aglomeraciones,400000000
2023,1,1,URBANO,Ciudades y aglomeraciones,430000000
2021,2,1,URBANO,Ciudades y aglomeraciones,188000000
2023,1,1,URBANO,Ciudades y aglomeraciones,700000000
2022,1,1,URBANO,Ciudades y aglomeraciones,68732000
2023,1,2,URBANO,Ciudades y aglomeraciones,790000000
2023,1,1,URBANO,Ciudades y aglomeraciones,1600000000
2023,1,1,URBANO,Ciudades y aglomeraciones,1220000000
2023,4,1,URBANO,Ciudades y aglomeraciones,720000000
2022,1,1,URBANO,Ciudades y aglomeraciones,68732000
2021,1,2,URBANO,Ciudades y aglomeraciones,892499970
2021,2,1,URBANO,Ciudades y aglomeraciones,900000000
2021,1,2,URBANO,Ciudades y aglomeraciones,892499970
2021,2,1,URBANO,Ciudades y aglomeraciones,900000000
2022,1,1,URBANO,Ciudades y aglomeraciones,20000000
2023,4,1,URBANO,Ciudades y aglomeraciones,720000000
2023,4,1,URBANO,Ciudades y aglomeraciones,720000000
2021,1,2,URBANO,Ciudades y aglomeraciones,892499970
2021,2,1,URBANO,Ciudades y aglomeraciones,900000000
2021,1,2,URBANO,Ciudades y aglomeraciones,892499970
2021,2,1,URBANO,Ciudades y aglomeraciones,900000000
2022,1,2,URBANO,Ciudades y aglomeraciones,36050000
2023,1,1,URBANO,Ciudades y aglomeraciones,700000000
2023,1,1,URBANO,Ciudades y aglomeraciones,1220000000
2023,1,1,URBANO,Ciudades y aglomeraciones,1220000000
2023,1,1,URBANO,Ciudades y aglomeraciones,1220000000
2021,2,1,URBANO,Ciudades y aglomeraciones,188000000
2023,1,2,URBANO,Ciudades y aglomeraciones,790000000
2023,1,1,URBANO,Ciudades y aglomeraciones,1600000000
2023,1,2,URBANO,Ciudades y aglomeraciones,790000000
2023,1,1,URBANO,Ciudades y aglomeraciones,1600000000
2022,1,2,URBANO,Ciudades y aglomeraciones,36050000
2023,1,1,URBANO,Ciudades y aglomeraciones,700000000
2022,1,1,URBANO,Ciudades y aglomeraciones,53000000
2022,1,1,URBANO,Ciudades y aglomeraciones,60000000
2022,1,1,URBANO,Ciudades y aglomeraciones,150000000
2022,1,1,URBANO,Ciudades y aglomeraciones,220000000
2023,1,1,URBANO,Ciudades y aglomeraciones,12000000
2022,1,1,URBANO,Ciudades y aglomeraciones,170000000
2022,1,1,URBANO,Ciudades y aglomeraciones,156190000
2023,1,1,URBANO,Ciudades y aglomeraciones,170000000
2022,2,1,URBANO,Ciudades y aglomeraciones,180000000
2022,2,4,URBANO,Ciudades y aglomeraciones,250000000
2023,1,1,URBANO,Ciudades y aglomeraciones,350000000
2023,1,1,URBANO,Ciudades y aglomeraciones,160000000
2023,1,1,URBANO,Ciudades y aglomeraciones,169192000
2021,1,1,URBANO,Ciudades y aglomeraciones,243000000
2021,1,2,URBANO,Ciudades y aglomeraciones,223000000
2023,2,2,URBANO,Ciudades y aglomeraciones,8000000.0
2022,1,1,URBANO,Ciudades y aglomeraciones,248000000
2021,2,1,URBANO,Ciudades y aglomeraciones,180000000
2023,1,1,URBANO,Ciudades y aglomeraciones,154000000
2022,2,4,URBANO,Ciudades y aglomeraciones,250000000
2022,2,1,URBANO,Ciudades y aglomeraciones,180000000
2023,1,1,URBANO,Ciudades y aglomeraciones,160000000
2022,1,1,URBANO,Ciudades y aglomeraciones,156190000
2023,1,1,URBANO,Ciudades y aglomeraciones,170000000
2023,1,1,URBANO,Ciudades y aglomeraciones,350000000
2022,1,1,URBANO,Ciudades y aglomeraciones,230000000
2021,1,1,URBANO,Ciudades y aglomeraciones,147000000
2023,1,1,URBANO,Ciudades y aglomeraciones,6182027.0
2021,1,2,URBANO,Ciudades y aglomeraciones,245000000
2022,1,2,URBANO,Ciudades y aglomeraciones,225000000
2021,1,1,URBANO,Ciudades y aglomeraciones,180000000
2022,2,2,URBANO,Ciudades y aglomeraciones,211000000
2022,1,1,URBANO,Ciudades y aglomeraciones,160000000
2022,1,1,URBANO,Ciudades y aglomeraciones,190000000
2021,1,1,URBANO,Ciudades y aglomeraciones,187000000
2022,1,2,URBANO,Ciudades y aglomeraciones,80000000
2023,1,1,URBANO,Ciudades y aglomeraciones,81500000
2022,1,1,URBANO,Ciudades y aglomeraciones,180000000
2023,1,1,URBANO,Ciudades y aglomeraciones,313200000
2023,1,1,URBANO,Ciudades y aglomeraciones,313200000
2023,2,1,URBANO,Ciudades y aglomeraciones,90000000
2023,3,1,URBANO,Ciudades y aglomeraciones,5700000.0
2022,1,1,URBANO,Ciudades y aglomeraciones,315000000
2023,1,1,URBANO,Ciudades y aglomeraciones,5200000.0
2022,1,2,URBANO,Ciudades y aglomeraciones,358000000
2022,1,1,URBANO,Ciudades y aglomeraciones,195392000
2023,1,1,URBANO,Ciudades y aglomeraciones,320000000
2022,1,1,URBANO,Ciudades y aglomeraciones,195392000
2023,1,1,URBANO,Ciudades y aglomeraciones,231214000
2023,1,1,URBANO,Ciudades y aglomeraciones,373118016
2023,1,1,URBANO,Ciudades y aglomeraciones,373118016
2022,1,2,URBANO,Ciudades y aglomeraciones,358000000
2022,1,2,URBANO,Ciudades y aglomeraciones,358000000
2022,1,1,URBANO,Ciudades y aglomeraciones,219500000
2022,4,1,URBANO,Ciudades y aglomeraciones,540000000
2023,3,4,URBANO,Ciudades y aglomeraciones,4000000.0
2023,1,1,URBANO,Ciudades y aglomeraciones,1269266050
2023,1,1,URBANO,Ciudades y aglomeraciones,227400000
2022,1,1,URBANO,Ciudades y aglomeraciones,277000000
2023,1,1,URBANO,Ciudades y aglomeraciones,274590016
2022,1,1,URBANO,Ciudades y aglomeraciones,315000000
2023,1,1,URBANO,Ciudades y aglomeraciones,1269266050
2023,1,1,URBANO,Ciudades y aglomeraciones,227400000
2023,1,1,URBANO,Ciudades y aglomeraciones,1269266050
2022,1,1,URBANO,Ciudades y aglomeraciones,315000000
2021,1,1,RURAL,Intermedio,100000000
2022,1,1,URBANO,Ciudades y aglomeraciones,400000000
2022,2,1,URBANO,Ciudades y aglomeraciones,266000000
2021,1,1,URBANO,Ciudades y aglomeraciones,600000000
2022,1,1,URBANO,Ciudades y aglomeraciones,500000000
2022,1,1,URBANO,Ciudades y aglomeraciones,277000000
2021,1,1,URBANO,Ciudades y aglomeraciones,1150000000
2021,1,1,URBANO,Ciudades y aglomeraciones,1150000000
2021,1,2,URBANO,Ciudades y aglomeraciones,220000000
2022,1,1,URBANO,Ciudades y aglomeraciones,500000000
2022,1,1,URBANO,Ciudades y aglomeraciones,285000000
2022,1,1,URBANO,Ciudades y aglomeraciones,195392000
2022,1,2,URBANO,Ciudades y aglomeraciones,358000000
2022,1,1,URBANO,Ciudades y aglomeraciones,219500000
2023,1,1,URBANO,Ciudades y aglomeraciones,373118016
2023,1,1,URBANO,Ciudades y aglomeraciones,373118016
2022,1,1,URBANO,Ciudades y aglomeraciones,315000000
2023,1,1,URBANO,Ciudades y aglomeraciones,231214000
2022,1,1,URBANO,Ciudades y aglomeraciones,277000000
2023,1,1,URBANO,Ciudades y aglomeraciones,320000000
2023,1,1,URBANO,Ciudades y aglomeraciones,86000000
2023,2,2,URBANO,Ciudades y aglomeraciones,480000000
2022,1,1,URBANO,Ciudades y aglomeraciones,300000000
2022,1,1,URBANO,Ciudades y aglomeraciones,300000000
2022,1,1,URBANO,Ciudades y aglomeraciones,270000000
2021,1,1,URBANO,Ciudades y aglomeraciones,335000000
2023,1,2,URBANO,Ciudades y aglomeraciones,300000000
2022,1,1,URBANO,Ciudades y aglomeraciones,328249984
2022,1,1,URBANO,Ciudades y aglomeraciones,405000000
2023,1,2,URBANO,Ciudades y aglomeraciones,370000000
2023,4,2,URBANO,Ciudades y aglomeraciones,350000000
2021,1,1,URBANO,Ciudades y aglomeraciones,340000000
2022,1,1,URBANO,Ciudades y aglomeraciones,430000000
2021,1,1,URBANO,Ciudades y aglomeraciones,410000000
2021,1,1,URBANO,Ciudades y aglomeraciones,270000000
2023,1,1,URBANO,Ciudades y aglomeraciones,235000000
2023,1,3,URBANO,Ciudades y aglomeraciones,320000000
2021,2,1,URBANO,Ciudades y aglomeraciones,300000000
2021,1,1,URBANO,Ciudades y aglomeraciones,310000000
2023,1,1,URBANO,Ciudades y aglomeraciones,260000000
2022,1,2,URBANO,Ciudades y aglomeraciones,435000000
2021,1,1,URBANO,Ciudades y aglomeraciones,271000000
2023,2,1,URBANO,Ciudades y aglomeraciones,300000000
2022,1,1,URBANO,Ciudades y aglomeraciones,300000000
2023,1,2,URBANO,Ciudades y aglomeraciones,248000000
2021,1,1,URBANO,Ciudades y aglomeraciones,350000000
2023,2,2,URBANO,Ciudades y aglomeraciones,480000000
2021,1,1,URBANO,Ciudades y aglomeraciones,410000000
2022,1,1,URBANO,Ciudades y aglomeraciones,270000000
2021,1,1,URBANO,Ciudades y aglomeraciones,335000000
2022,1,1,URBANO,Ciudades y aglomeraciones,300000000
2022,1,1,URBANO,Ciudades y aglomeraciones,300000000
2023,1,1,URBANO,Ciudades y aglomeraciones,260000000
2023,1,2,URBANO,Ciudades y aglomeraciones,300000000
2022,1,2,URBANO,Ciudades y aglomeraciones,280000000
2022,1,3,URBANO,Ciudades y aglomeraciones,363750016
2023,1,2,URBANO,Ciudades y aglomeraciones,300000000
2021,1,1,URBANO,Ciudades y aglomeraciones,274000000
2022,1,2,URBANO,Ciudades y aglomeraciones,435000000
2023,1,2,URBANO,Ciudades y aglomeraciones,370000000
2021,1,1,URBANO,Ciudades y aglomeraciones,271000000
2021,1,1,URBANO,Ciudades y aglomeraciones,340000000
2023,4,2,URBANO,Ciudades y aglomeraciones,350000000
2022,1,1,URBANO,Ciudades y aglomeraciones,430000000
2023,1,2,URBANO,Ciudades y aglomeraciones,248000000
2021,2,1,URBANO,Ciudades y aglomeraciones,300000000
2021,1,1,URBANO,Ciudades y aglomeraciones,310000000
2021,1,1,URBANO,Ciudades y aglomeraciones,300000000
2022,1,1,URBANO,Ciudades y aglomeraciones,328249984
2022,1,1,URBANO,Ciudades y aglomeraciones,405000000
2023,1,3,URBANO,Ciudades y aglomeraciones,320000000
2023,1,1,URBANO,Ciudades y aglomeraciones,235000000
2021,1,1,URBANO,Ciudades y aglomeraciones,270000000
2023,2,2,URBANO,Ciudades y aglomeraciones,480000000
2021,1,1,URBANO,Ciudades y aglomeraciones,271000000
2022,1,2,URBANO,Ciudades y aglomeraciones,435000000
2021,1,1,URBANO,Ciudades y aglomeraciones,410000000
2023,1,2,URBANO,Ciudades y aglomeraciones,370000000
2021,1,1,URBANO,Ciudades y aglomeraciones,340000000
2021,1,1,URBANO,Ciudades y aglomeraciones,350000000
2022,1,1,URBANO,Ciudades y aglomeraciones,430000000
2023,4,2,URBANO,Ciudades y aglomeraciones,350000000
2021,1,1,URBANO,Ciudades y aglomeraciones,335000000
2023,1,1,URBANO,Ciudades y aglomeraciones,260000000
2021,1,1,URBANO,Ciudades y aglomeraciones,300000000
2021,2,1,URBANO,Ciudades y aglomeraciones,300000000
2021,1,1,URBANO,Ciudades y aglomeraciones,310000000
2022,1,1,URBANO,Ciudades y aglomeraciones,270000000
2022,1,1,URBANO,Ciudades y aglomeraciones,300000000
2023,1,2,URBANO,Ciudades y aglomeraciones,248000000
2022,1,1,URBANO,Ciudades y aglomeraciones,300000000
2022,1,1,URBANO,Ciudades y aglomeraciones,328249984
2022,1,1,URBANO,Ciudades y aglomeraciones,405000000
2023,1,2,URBANO,Ciudades y aglomeraciones,341000000
2023,1,2,URBANO,Ciudades y aglomeraciones,300000000
2022,1,1,URBANO,Ciudades y aglomeraciones,300000000
2023,1,1,URBANO,Ciudades y aglomeraciones,260000000
2023,1,1,URBANO,Ciudades y aglomeraciones,235000000
2023,1,2,URBANO,Ciudades y aglomeraciones,228000000
2023,1,2,URBANO,Ciudades y aglomeraciones,300000000
2022,1,3,URBANO,Ciudades y aglomeraciones,363750016
2021,1,1,URBANO,Ciudades y aglomeraciones,274000000
2021,1,1,URBANO,Ciudades y aglomeraciones,270000000
2023,1,3,URBANO,Ciudades y aglomeraciones,320000000
2022,1,2,URBANO,Ciudades y aglomeraciones,280000000
2023,4,2,URBANO,Ciudades y aglomeraciones,465000000
2022,2,2,URBANO,Ciudades y aglomeraciones,415000000
2021,2,1,URBANO,Ciudades y aglomeraciones,280000000
2022,1,2,URBANO,Ciudades y aglomeraciones,310000000
2023,1,1,URBANO,Ciudades y aglomeraciones,380000000
2022,1,2,URBANO,Ciudades y aglomeraciones,363000000
2022,2,1,URBANO,Ciudades y aglomeraciones,330000000
2022,2,1,URBANO,Ciudades y aglomeraciones,400000000
2021,1,2,URBANO,Ciudades y aglomeraciones,350000000
2023,2,4,URBANO,Ciudades y aglomeraciones,490000000
2023,2,1,URBANO,Ciudades y aglomeraciones,390000000
2021,2,1,URBANO,Ciudades y aglomeraciones,318000000
2023,1,1,URBANO,Ciudades y aglomeraciones,320000000
2023,1,2,URBANO,Ciudades y aglomeraciones,550000000
2022,1,1,URBANO,Ciudades y aglomeraciones,460000000
2023,1,2,URBANO,Ciudades y aglomeraciones,300000000
2023,1,1,URBANO,Ciudades y aglomeraciones,408000000
2022,2,2,URBANO,Ciudades y aglomeraciones,415000000
2023,4,2,URBANO,Ciudades y aglomeraciones,465000000
2021,1,2,URBANO,Ciudades y aglomeraciones,350000000
2021,2,1,URBANO,Ciudades y aglomeraciones,318000000
2022,2,1,URBANO,Ciudades y aglomeraciones,400000000
2022,2,2,URBANO,Ciudades y aglomeraciones,415000000
2022,1,2,URBANO,Ciudades y aglomeraciones,363000000
2022,1,2,URBANO,Ciudades y aglomeraciones,310000000
2023,1,1,URBANO,Ciudades y aglomeraciones,380000000
2021,2,1,URBANO,Ciudades y aglomeraciones,280000000
2023,2,4,URBANO,Ciudades y aglomeraciones,490000000
2023,2,1,URBANO,Ciudades y aglomeraciones,390000000
2023,1,1,URBANO,Ciudades y aglomeraciones,408000000
2023,1,1,URBANO,Ciudades y aglomeraciones,320000000
2022,1,3,URBANO,Ciudades y aglomeraciones,400000000
2022,2,1,URBANO,Ciudades y aglomeraciones,400000000
2022,1,2,URBANO,Ciudades y aglomeraciones,310000000
2023,1,1,URBANO,Ciudades y aglomeraciones,380000000
2023,1,1,URBANO,Ciudades y aglomeraciones,408000000
2023,1,2,URBANO,Ciudades y aglomeraciones,550000000
2023,1,1,URBANO,Ciudades y aglomeraciones,44050000
2023,1,2,URBANO,Ciudades y aglomeraciones,300000000
2023,1,1,URBANO,Ciudades y aglomeraciones,320000000
2022,1,2,URBANO,Ciudades y aglomeraciones,363000000
2021,2,1,URBANO,Ciudades y aglomeraciones,280000000
2023,2,4,URBANO,Ciudades y aglomeraciones,490000000
2023,2,1,URBANO,Ciudades y aglomeraciones,390000000
2022,1,1,URBANO,Ciudades y aglomeraciones,460000000
2021,2,1,URBANO,Ciudades y aglomeraciones,30000000
2022,1,1,URBANO,Ciudades y aglomeraciones,155000000
2023,1,1,URBANO,Ciudades y aglomeraciones,80000000
2022,1,1,URBANO,Ciudades y aglomeraciones,30000000
2022,2,1,URBANO,Ciudades y aglomeraciones,25000000
2022,2,1,URBANO,Ciudades y aglomeraciones,4000000.0
2022,2,1,URBANO,Ciudades y aglomeraciones,254000000
2022,1,1,URBANO,Ciudades y aglomeraciones,50000000
2022,1,2,URBANO,Ciudades y aglomeraciones,70000000
2021,1,1,URBANO,Ciudades y aglomeraciones,30000000
2022,1,4,URBANO,Ciudades y aglomeraciones,40000000
2023,1,2,URBANO,Ciudades y aglomeraciones,152000000
2022,2,1,URBANO,Ciudades y aglomeraciones,190000000
2022,2,1,URBANO,Ciudades y aglomeraciones,20000000
2022,1,1,URBANO,Ciudades y aglomeraciones,180000000
2023,2,2,URBANO,Ciudades y aglomeraciones,190000000
2021,1,1,URBANO,Ciudades y aglomeraciones,280000000
2021,1,1,URBANO,Ciudades y aglomeraciones,280000000
2022,1,1,URBANO,Ciudades y aglomeraciones,180000000
2023,2,2,URBANO,Ciudades y aglomeraciones,190000000
2022,1,1,URBANO,Ciudades y aglomeraciones,4409999900
2023,2,1,URBANO,Ciudades y aglomeraciones,190000000
2023,1,2,URBANO,Ciudades y aglomeraciones,210000000
2023,1,2,URBANO,Ciudades y aglomeraciones,200000000
2022,1,2,URBANO,Ciudades y aglomeraciones,180000000
2022,1,1,URBANO,Ciudades y aglomeraciones,1400000000
2022,1,1,URBANO,Ciudades y aglomeraciones,25000000
2023,2,1,URBANO,Ciudades y aglomeraciones,190000000
2022,1,1,RURAL,Intermedio,170000000
2022,1,3,URBANO,Ciudades y aglomeraciones,25000000
2023,1,2,URBANO,Ciudades y aglomeraciones,200000000
2023,1,2,URBANO,Ciudades y aglomeraciones,210000000
2018,1,2,URBANO,Intermedio,8000000.0
2022,1,1,URBANO,Ciudades y aglomeraciones,235000000
2022,1,1,URBANO,Ciudades y aglomeraciones,15000000
2023,1,1,URBANO,Ciudades y aglomeraciones,600000000
2023,1,1,URBANO,Ciudades y aglomeraciones,600000000
2023,1,1,URBANO,Ciudades y aglomeraciones,600000000
2022,1,1,URBANO,Ciudades y aglomeraciones,52500000
2023,1,1,URBANO,Ciudades y aglomeraciones,1250000000
2023,1,1,URBANO,Ciudades y aglomeraciones,1250000000
2022,1,1,URBANO,Ciudades y aglomeraciones,279000000
2022,1,1,URBANO,Ciudades y aglomeraciones,418505984
2022,1,1,URBANO,Ciudades y aglomeraciones,418505984
2022,1,1,URBANO,Ciudades y aglomeraciones,279000000
2021,1,1,URBANO,Ciudades y aglomeraciones,120000000
2023,2,2,URBANO,Ciudades y aglomeraciones,140000000
2022,5,1,URBANO,Ciudades y aglomeraciones,400000000
2022,1,1,URBANO,Ciudades y aglomeraciones,285000000
2023,2,3,URBANO,Ciudades y aglomeraciones,220000000
2022,1,1,URBANO,Ciudades y aglomeraciones,160000000
2022,1,2,URBANO,Ciudades y aglomeraciones,537500030
2022,1,2,URBANO,Ciudades y aglomeraciones,537500030
2022,1,2,URBANO,Ciudades y aglomeraciones,310000000
2023,1,1,URBANO,Ciudades y aglomeraciones,50727700
2023,1,1,URBANO,Ciudades y aglomeraciones,50727700
2021,1,2,URBANO,Ciudades y aglomeraciones,150000000
2023,1,1,URBANO,Ciudades y aglomeraciones,50727700
2022,1,1,URBANO,Ciudades y aglomeraciones,1144999940
2022,1,1,URBANO,Ciudades y aglomeraciones,300000000
2023,1,3,URBANO,Ciudades y aglomeraciones,210000000
2021,1,1,URBANO,Ciudades y aglomeraciones,1500000.0
2021,1,1,URBANO,Ciudades y aglomeraciones,1500000.0
2022,1,1,URBANO,Ciudades y aglomeraciones,300000000
2022,1,1,URBANO,Ciudades y aglomeraciones,160000000
2021,1,2,URBANO,Ciudades y aglomeraciones,150000000
2021,1,1,URBANO,Ciudades y aglomeraciones,1500000.0
2021,1,1,URBANO,Ciudades y aglomeraciones,1500000.0
2022,1,2,URBANO,Ciudades y aglomeraciones,537500030
2022,1,2,URBANO,Ciudades y aglomeraciones,537500030
2023,1,1,URBANO,Ciudades y aglomeraciones,50727700
2023,2,3,URBANO,Ciudades y aglomeraciones,220000000
2022,1,1,URBANO,Ciudades y aglomeraciones,285000000
2022,1,2,URBANO,Ciudades y aglomeraciones,310000000
2022,1,1,URBANO,Ciudades y aglomeraciones,1144999940
2023,1,3,URBANO,Ciudades y aglomeraciones,210000000
2022,1,1,URBANO,Ciudades y aglomeraciones,300000000
2022,1,1,URBANO,Ciudades y aglomeraciones,155000000
2023,1,1,URBANO,Ciudades y aglomeraciones,50000000
2023,1,1,URBANO,Ciudades y aglomeraciones,75000000
2022,1,1,URBANO,Ciudades y aglomeraciones,19000000
2022,1,1,URBANO,Ciudades y aglomeraciones,250000000
2022,1,1,URBANO,Ciudades y aglomeraciones,80000000
2022,2,1,URBANO,Ciudades y aglomeraciones,303115392
2021,1,1,URBANO,Ciudades y aglomeraciones,235000000
2021,1,2,URBANO,Ciudades y aglomeraciones,300000000
2023,1,2,URBANO,Ciudades y aglomeraciones,284000000
2023,1,1,URBANO,Ciudades y aglomeraciones,70000000
2021,1,1,URBANO,Ciudades y aglomeraciones,260000000
2023,1,1,URBANO,Ciudades y aglomeraciones,65000000
2023,2,1,URBANO,Ciudades y aglomeraciones,600000000
2022,1,1,URBANO,Ciudades y aglomeraciones,550000000
2022,1,1,URBANO,Ciudades y aglomeraciones,550000000
2022,2,2,URBANO,Ciudades y aglomeraciones,570000000
2022,2,2,URBANO,Ciudades y aglomeraciones,570000000
2022,1,1,URBANO,Ciudades y aglomeraciones,460000000
2022,1,1,URBANO,Ciudades y aglomeraciones,460000000
2023,2,1,URBANO,Ciudades y aglomeraciones,600000000
2023,2,1,URBANO,Ciudades y aglomeraciones,600000000
2022,1,1,URBANO,Ciudades y aglomeraciones,560000000
2022,1,1,URBANO,Ciudades y aglomeraciones,560000000
2023,2,1,URBANO,Ciudades y aglomeraciones,600000000
2023,1,2,URBANO,Ciudades y aglomeraciones,611385790
2023,1,2,URBANO,Ciudades y aglomeraciones,611385790
2021,1,4,URBANO,Ciudades y aglomeraciones,590000000
2021,1,4,URBANO,Ciudades y aglomeraciones,590000000
2022,2,2,URBANO,Ciudades y aglomeraciones,570000000
2022,1,1,URBANO,Ciudades y aglomeraciones,550000000
2022,1,1,URBANO,Ciudades y aglomeraciones,460000000
2023,1,2,URBANO,Ciudades y aglomeraciones,611385790
2023,2,1,URBANO,Ciudades y aglomeraciones,600000000
2022,1,1,URBANO,Ciudades y aglomeraciones,560000000
2023,2,1,URBANO,Ciudades y aglomeraciones,600000000
2023,2,1,URBANO,Ciudades y aglomeraciones,600000000
2021,1,4,URBANO,Ciudades y aglomeraciones,590000000
2023,1,2,URBANO,Ciudades y aglomeraciones,611385790
2022,1,1,URBANO,Ciudades y aglomeraciones,460000000
2022,1,1,URBANO,Ciudades y aglomeraciones,550000000
2022,2,2,URBANO,Ciudades y aglomeraciones,570000000
2021,1,1,URBANO,Ciudades y aglomeraciones,169720000
2019,1,1,URBANO,Intermedio,8000000.0
2022,1,4,URBANO,Ciudades y aglomeraciones,40000000
2021,1,2,URBANO,Ciudades y aglomeraciones,240000000
2021,1,2,URBANO,Ciudades y aglomeraciones,240000000
2021,1,1,URBANO,Ciudades y aglomeraciones,50000000
2023,1,1,URBANO,Ciudades y aglomeraciones,200000000
2022,1,1,URBANO,Ciudades y aglomeraciones,142000000
2022,2,1,URBANO,Ciudades y aglomeraciones,68489336
2022,2,1,URBANO,Ciudades y aglomeraciones,172000000
2023,1,1,URBANO,Ciudades y aglomeraciones,1040000000
2022,1,1,URBANO,Ciudades y aglomeraciones,295000000
2022,2,1,URBANO,Ciudades y aglomeraciones,250000000
2022,1,1,URBANO,Ciudades y aglomeraciones,75000000
2022,1,1,URBANO,Ciudades y aglomeraciones,200000000
2023,1,1,URBANO,Ciudades y aglomeraciones,203000000
2022,1,2,URBANO,Ciudades y aglomeraciones,235000000
2022,1,1,URBANO,Ciudades y aglomeraciones,243500000
2023,1,1,URBANO,Ciudades y aglomeraciones,1040000000
2022,2,1,URBANO,Ciudades y aglomeraciones,240000000
2023,1,1,URBANO,Ciudades y aglomeraciones,125000000
2022,1,1,URBANO,Ciudades y aglomeraciones,210000000
2022,1,1,URBANO,Ciudades y aglomeraciones,263000000
2023,1,1,URBANO,Ciudades y aglomeraciones,125000000
2023,1,2,URBANO,Ciudades y aglomeraciones,140000000
2023,1,1,URBANO,Ciudades y aglomeraciones,123000000
2023,1,1,URBANO,Ciudades y aglomeraciones,400000000
2023,1,1,URBANO,Ciudades y aglomeraciones,400000000
2023,1,1,URBANO,Ciudades y aglomeraciones,450723712
2023,1,1,URBANO,Ciudades y aglomeraciones,450723712
2023,1,1,URBANO,Ciudades y aglomeraciones,21000000
2023,1,1,URBANO,Ciudades y aglomeraciones,203000000
2022,1,1,URBANO,Ciudades y aglomeraciones,15000000
2023,1,1,URBANO,Ciudades y aglomeraciones,16000000
2022,1,1,URBANO,Ciudades y aglomeraciones,28000000
2022,1,1,URBANO,Ciudades y aglomeraciones,28000000
2022,1,1,URBANO,Ciudades y aglomeraciones,160000000
2022,1,3,URBANO,Ciudades y aglomeraciones,70000000
2022,1,3,URBANO,Ciudades y aglomeraciones,70000000
2023,1,1,URBANO,Ciudades y aglomeraciones,37000000
2023,2,1,URBANO,Ciudades y aglomeraciones,145000000
2021,1,2,URBANO,Ciudades y aglomeraciones,300000000
2021,1,2,URBANO,Ciudades y aglomeraciones,300000000
2023,1,2,URBANO,Ciudades y aglomeraciones,655000000
2021,1,1,URBANO,Ciudades y aglomeraciones,720000000
2022,1,1,URBANO,Ciudades y aglomeraciones,4626966.0
2023,2,1,URBANO,Ciudades y aglomeraciones,973000000
2022,1,2,URBANO,Ciudades y aglomeraciones,782000000
2021,1,2,URBANO,Ciudades y aglomeraciones,605000000
2022,2,1,URBANO,Ciudades y aglomeraciones,745000000
2022,1,1,URBANO,Ciudades y aglomeraciones,1050000000
2022,1,1,URBANO,Ciudades y aglomeraciones,1050000000
2022,1,1,URBANO,Ciudades y aglomeraciones,1050000000
2022,1,1,URBANO,Ciudades y aglomeraciones,20000000
2022,2,1,URBANO,Ciudades y aglomeraciones,745000000
2022,2,1,URBANO,Ciudades y aglomeraciones,745000000
2023,1,2,URBANO,Ciudades y aglomeraciones,50000000
2023,1,2,URBANO,Ciudades y aglomeraciones,50000000
2023,1,1,URBANO,Ciudades y aglomeraciones,45000000
2021,1,2,URBANO,Ciudades y aglomeraciones,605000000
2021,1,2,URBANO,Ciudades y aglomeraciones,605000000
2022,1,1,URBANO,Ciudades y aglomeraciones,4626966.0
2023,2,1,URBANO,Ciudades y aglomeraciones,973000000
2022,1,1,URBANO,Ciudades y aglomeraciones,4626966.0
2023,2,1,URBANO,Ciudades y aglomeraciones,973000000
2022,1,2,URBANO,Ciudades y aglomeraciones,782000000
2022,1,2,URBANO,Ciudades y aglomeraciones,782000000
2023,1,1,URBANO,Ciudades y aglomeraciones,100000000
2023,1,1,URBANO,Ciudades y aglomeraciones,100000000
2023,1,1,URBANO,Ciudades y aglomeraciones,100000000
2023,1,1,URBANO,Ciudades y aglomeraciones,100000000
2021,1,1,URBANO,Ciudades y aglomeraciones,720000000
2021,1,1,URBANO,Ciudades y aglomeraciones,720000000
2022,1,1,URBANO,Ciudades y aglomeraciones,1050000000
2023,1,1,URBANO,Ciudades y aglomeraciones,100000000
2022,2,1,URBANO,Ciudades y aglomeraciones,745000000
2021,1,2,URBANO,Ciudades y aglomeraciones,605000000
2022,1,2,URBANO,Ciudades y aglomeraciones,782000000
2022,1,1,URBANO,Ciudades y aglomeraciones,4626966.0
2023,2,1,URBANO,Ciudades y aglomeraciones,973000000
2021,1,1,URBANO,Ciudades y aglomeraciones,720000000
2023,1,2,URBANO,Ciudades y aglomeraciones,655000000
2023,1,2,URBANO,Ciudades y aglomeraciones,50000000
2023,1,1,URBANO,Ciudades y aglomeraciones,100000000
2022,1,1,URBANO,Ciudades y aglomeraciones,120000000
2021,1,1,URBANO,Ciudades y aglomeraciones,110000000
2022,1,1,URBANO,Ciudades y aglomeraciones,155000000
2021,1,1,URBANO,Ciudades y aglomeraciones,100000000
2021,1,1,URBANO,Ciudades y aglomeraciones,110000000
2023,1,1,URBANO,Ciudades y aglomeraciones,115000000
2023,1,1,URBANO,Ciudades y aglomeraciones,120000000
2023,1,1,URBANO,Ciudades y aglomeraciones,294752992
2022,2,1,URBANO,Ciudades y aglomeraciones,90000000
2023,2,2,URBANO,Ciudades y aglomeraciones,90000000
2022,1,2,URBANO,Ciudades y aglomeraciones,60000000
2023,1,2,URBANO,Ciudades y aglomeraciones,25000000
2022,2,2,URBANO,Ciudades y aglomeraciones,140000000
2015,1,1,URBANO,Intermedio,56000000
2023,1,2,URBANO,Ciudades y aglomeraciones,72000000
2022,1,1,URBANO,Ciudades y aglomeraciones,20000000
2022,2,2,URBANO,Ciudades y aglomeraciones,40000000
2021,1,1,URBANO,Ciudades y aglomeraciones,90000000
2022,1,1,URBANO,Ciudades y aglomeraciones,20000000
2022,1,1,URBANO,Ciudades y aglomeraciones,100000000
2022,2,1,URBANO,Ciudades y aglomeraciones,60000000
2023,1,2,URBANO,Ciudades y aglomeraciones,60000000
2021,1,1,URBANO,Ciudades y aglomeraciones,21000000
2022,1,1,URBANO,Ciudades y aglomeraciones,3000000.0
2023,2,1,URBANO,Ciudades y aglomeraciones,215000000
2022,1,1,URBANO,Ciudades y aglomeraciones,350000000
2023,2,1,URBANO,Ciudades y aglomeraciones,210000000
2022,1,1,URBANO,Ciudades y aglomeraciones,296048992
2023,1,1,URBANO,Ciudades y aglomeraciones,355000000
2023,1,1,URBANO,Ciudades y aglomeraciones,378000000
2023,2,2,URBANO,Ciudades y aglomeraciones,300000000
2022,1,1,URBANO,Ciudades y aglomeraciones,296048992
2022,1,1,URBANO,Ciudades y aglomeraciones,296048992
2023,2,2,URBANO,Ciudades y aglomeraciones,300000000
2023,1,1,URBANO,Ciudades y aglomeraciones,355000000
2023,2,1,URBANO,Ciudades y aglomeraciones,215000000
2023,2,1,URBANO,Ciudades y aglomeraciones,210000000
2023,1,1,URBANO,Ciudades y aglomeraciones,378000000
2022,1,1,URBANO,Ciudades y aglomeraciones,350000000
2022,1,1,URBANO,Ciudades y aglomeraciones,350000000
2022,1,1,URBANO,Ciudades y aglomeraciones,3000000.0
2022,1,2,URBANO,Ciudades y aglomeraciones,270000000
2023,2,4,URBANO,Ciudades y aglomeraciones,400000000
2023,1,2,URBANO,Ciudades y aglomeraciones,300000000
2021,1,2,URBANO,Ciudades y aglomeraciones,350000000
2022,2,1,URBANO,Ciudades y aglomeraciones,380000000
2022,1,1,URBANO,Ciudades y aglomeraciones,10000000
2023,2,4,URBANO,Ciudades y aglomeraciones,400000000
2022,1,1,URBANO,Ciudades y aglomeraciones,360000000
2022,2,1,URBANO,Ciudades y aglomeraciones,380000000
2023,1,2,URBANO,Ciudades y aglomeraciones,300000000
2021,1,2,URBANO,Ciudades y aglomeraciones,350000000
2022,2,1,URBANO,Ciudades y aglomeraciones,380000000
2023,2,4,URBANO,Ciudades y aglomeraciones,400000000
2022,1,2,URBANO,Ciudades y aglomeraciones,270000000
2022,1,1,URBANO,Ciudades y aglomeraciones,360000000
2021,1,2,URBANO,Ciudades y aglomeraciones,250000000
2023,1,1,URBANO,Ciudades y aglomeraciones,420000000
2021,2,3,URBANO,Ciudades y aglomeraciones,190000000
2022,1,1,URBANO,Ciudades y aglomeraciones,404000000
2023,1,1,URBANO,Ciudades y aglomeraciones,420000000
2021,1,1,URBANO,Ciudades y aglomeraciones,290000000
2021,2,3,URBANO,Ciudades y aglomeraciones,190000000
2022,2,1,URBANO,Ciudades y aglomeraciones,423500000
2022,1,1,URBANO,Ciudades y aglomeraciones,404000000
2022,1,1,URBANO,Ciudades y aglomeraciones,278000000
2022,1,1,URBANO,Ciudades y aglomeraciones,220000000
2022,1,1,URBANO,Ciudades y aglomeraciones,17500000
2022,1,1,URBANO,Ciudades y aglomeraciones,180000000
2022,1,2,URBANO,Ciudades y aglomeraciones,289000000
2021,1,3,URBANO,Ciudades y aglomeraciones,230000000
2022,1,1,URBANO,Ciudades y aglomeraciones,190000000
2022,1,2,URBANO,Ciudades y aglomeraciones,289000000
2022,1,1,URBANO,Ciudades y aglomeraciones,220000000
2021,2,1,URBANO,Ciudades y aglomeraciones,181000000
2023,1,2,URBANO,Ciudades y aglomeraciones,190000000
2021,2,1,URBANO,Ciudades y aglomeraciones,181000000
2023,1,2,URBANO,Ciudades y aglomeraciones,190000000
2022,1,1,URBANO,Ciudades y aglomeraciones,200000000
2022,1,1,URBANO,Ciudades y aglomeraciones,167500000
2023,1,1,URBANO,Ciudades y aglomeraciones,127000000
2023,1,1,URBANO,Ciudades y aglomeraciones,140000000
2022,1,1,URBANO,Ciudades y aglomeraciones,190000000
2023,1,1,URBANO,Ciudades y aglomeraciones,250000000
2023,1,1,URBANO,Ciudades y aglomeraciones,275000000
2023,1,1,URBANO,Ciudades y aglomeraciones,250000000
2022,1,1,URBANO,Ciudades y aglomeraciones,190000000
2023,1,1,URBANO,Ciudades y aglomeraciones,140000000
2022,1,1,URBANO,Ciudades y aglomeraciones,278000000
2015,1,1,RURAL,Intermedio,56000000
2022,1,2,URBANO,Ciudades y aglomeraciones,289000000
2023,1,1,URBANO,Ciudades y aglomeraciones,127000000
2022,1,1,URBANO,Ciudades y aglomeraciones,167500000
2022,1,1,URBANO,Ciudades y aglomeraciones,220000000
2022,1,1,URBANO,Ciudades y aglomeraciones,200000000
2022,1,1,URBANO,Ciudades y aglomeraciones,180000000
2021,2,1,URBANO,Ciudades y aglomeraciones,181000000
2023,1,2,URBANO,Ciudades y aglomeraciones,190000000
2021,1,3,URBANO,Ciudades y aglomeraciones,230000000
2023,1,2,URBANO,Ciudades y aglomeraciones,480000000
2021,1,1,URBANO,Ciudades y aglomeraciones,437000000
2021,1,1,URBANO,Ciudades y aglomeraciones,610000000
2023,1,2,URBANO,Ciudades y aglomeraciones,480000000
2021,1,1,URBANO,Ciudades y aglomeraciones,610000000
2021,1,1,URBANO,Ciudades y aglomeraciones,610000000
2021,1,1,URBANO,Ciudades y aglomeraciones,437000000
2021,1,1,URBANO,Ciudades y aglomeraciones,14000000
2021,1,1,URBANO,Ciudades y aglomeraciones,1000000.0
2022,1,1,URBANO,Ciudades y aglomeraciones,17500000
2023,1,2,URBANO,Ciudades y aglomeraciones,480000000
2021,1,1,URBANO,Ciudades y aglomeraciones,610000000
2021,1,1,URBANO,Ciudades y aglomeraciones,437000000
2022,1,1,URBANO,Ciudades y aglomeraciones,143000000
2021,1,2,URBANO,Ciudades y aglomeraciones,31000000
2021,1,1,URBANO,Ciudades y aglomeraciones,250000000
2022,1,1,URBANO,Ciudades y aglomeraciones,260000000
2021,1,1,URBANO,Ciudades y aglomeraciones,210000000
2021,1,1,URBANO,Ciudades y aglomeraciones,81000000
2022,1,1,URBANO,Ciudades y aglomeraciones,240000000
2023,1,1,URBANO,Ciudades y aglomeraciones,281000000
2022,1,1,URBANO,Ciudades y aglomeraciones,259000000
2022,1,1,URBANO,Ciudades y aglomeraciones,250000000
2021,1,2,URBANO,Ciudades y aglomeraciones,226000000
2023,1,1,URBANO,Ciudades y aglomeraciones,350000000
2022,1,1,URBANO,Ciudades y aglomeraciones,170000000
2021,1,2,URBANO,Ciudades y aglomeraciones,120000000
2022,1,1,URBANO,Ciudades y aglomeraciones,180000000
2021,1,1,URBANO,Ciudades y aglomeraciones,115000000
2022,1,1,URBANO,Ciudades y aglomeraciones,153000000
2022,1,1,URBANO,Ciudades y aglomeraciones,250000000
2021,1,2,URBANO,Ciudades y aglomeraciones,250000000
2021,1,2,URBANO,Ciudades y aglomeraciones,250000000
2021,1,1,URBANO,Ciudades y aglomeraciones,210000000
2022,1,1,URBANO,Ciudades y aglomeraciones,153000000
2021,1,2,URBANO,Ciudades y aglomeraciones,120000000
2021,1,2,URBANO,Ciudades y aglomeraciones,226000000
2022,1,1,URBANO,Ciudades y aglomeraciones,240000000
2023,1,1,URBANO,Ciudades y aglomeraciones,281000000
2023,1,1,URBANO,Ciudades y aglomeraciones,281000000
2022,1,1,URBANO,Ciudades y aglomeraciones,259000000
2023,1,1,URBANO,Ciudades y aglomeraciones,350000000
2023,1,1,URBANO,Ciudades y aglomeraciones,160000000
2022,1,1,URBANO,Ciudades y aglomeraciones,170000000
2021,1,1,URBANO,Ciudades y aglomeraciones,115000000
2022,1,1,URBANO,Ciudades y aglomeraciones,180000000
2021,1,1,URBANO,Ciudades y aglomeraciones,205000000
2023,1,2,URBANO,Ciudades y aglomeraciones,190000000
2022,1,1,URBANO,Ciudades y aglomeraciones,95000000
2021,1,1,URBANO,Ciudades y aglomeraciones,150000000
2022,1,1,URBANO,Ciudades y aglomeraciones,95000000
2022,1,1,URBANO,Ciudades y aglomeraciones,1200000.0
2022,1,1,URBANO,Ciudades y aglomeraciones,60000000
2022,1,1,URBANO,Ciudades y aglomeraciones,100000000
2021,1,1,URBANO,Ciudades y aglomeraciones,52000000
2022,1,1,URBANO,Ciudades y aglomeraciones,122000000
2022,2,1,URBANO,Ciudades y aglomeraciones,120000000
2023,1,2,URBANO,Ciudades y aglomeraciones,115000000
2023,2,2,URBANO,Ciudades y aglomeraciones,80000000
2021,1,1,URBANO,Ciudades y aglomeraciones,130000000
2021,1,2,URBANO,Ciudades y aglomeraciones,175000000
2022,1,2,URBANO,Ciudades y aglomeraciones,270000000
2022,1,2,URBANO,Ciudades y aglomeraciones,270000000
2022,1,2,URBANO,Ciudades y aglomeraciones,320000000
2023,2,2,URBANO,Ciudades y aglomeraciones,630000000
2023,1,1,URBANO,Ciudades y aglomeraciones,377000000
2023,1,1,URBANO,Ciudades y aglomeraciones,550000000
2022,1,1,URBANO,Ciudades y aglomeraciones,420000000
2022,1,2,URBANO,Ciudades y aglomeraciones,270000000
2023,1,1,URBANO,Ciudades y aglomeraciones,377000000
2022,1,1,URBANO,Ciudades y aglomeraciones,2900000.0
2022,1,1,URBANO,Ciudades y aglomeraciones,420000000
2023,2,2,URBANO,Ciudades y aglomeraciones,630000000
2023,1,1,URBANO,Ciudades y aglomeraciones,550000000
2021,1,1,URBANO,Ciudades y aglomeraciones,45000000
2023,1,1,URBANO,Ciudades y aglomeraciones,500000000
2023,1,1,URBANO,Ciudades y aglomeraciones,500000000
2022,1,2,URBANO,Ciudades y aglomeraciones,570000000
2022,1,2,URBANO,Ciudades y aglomeraciones,570000000
2022,2,1,URBANO,Ciudades y aglomeraciones,378156000
2022,2,1,URBANO,Ciudades y aglomeraciones,378156000
2023,2,2,URBANO,Ciudades y aglomeraciones,642320190
2022,2,1,URBANO,Ciudades y aglomeraciones,610000000
2022,2,1,URBANO,Ciudades y aglomeraciones,610000000
2023,2,2,URBANO,Ciudades y aglomeraciones,642320190
2022,1,2,URBANO,Ciudades y aglomeraciones,570000000
2022,2,1,URBANO,Ciudades y aglomeraciones,378156000
2022,2,1,URBANO,Ciudades y aglomeraciones,610000000
2023,2,2,URBANO,Ciudades y aglomeraciones,642320190
2023,1,1,URBANO,Ciudades y aglomeraciones,500000000
2022,2,1,URBANO,Ciudades y aglomeraciones,180000000
2022,1,1,URBANO,Ciudades y aglomeraciones,45000000
2022,1,1,URBANO,Ciudades y aglomeraciones,23000000
2022,1,1,URBANO,Ciudades y aglomeraciones,520000000
2023,4,2,URBANO,Ciudades y aglomeraciones,520000000
2022,1,2,URBANO,Ciudades y aglomeraciones,251000000
2021,1,1,URBANO,Ciudades y aglomeraciones,60000000
2021,1,1,URBANO,Ciudades y aglomeraciones,60000000
2023,1,1,URBANO,Ciudades y aglomeraciones,950000000
2021,1,2,URBANO,Ciudades y aglomeraciones,30000000
2022,2,1,URBANO,Ciudades y aglomeraciones,100000000
2022,2,1,URBANO,Ciudades y aglomeraciones,100000000
2021,1,1,URBANO,Ciudades y aglomeraciones,70000000
2023,1,1,URBANO,Ciudades y aglomeraciones,90000000
2023,1,1,URBANO,Ciudades y aglomeraciones,4500000.0
2023,1,1,URBANO,Ciudades y aglomeraciones,45000000
2023,2,2,URBANO,Ciudades y aglomeraciones,100000000
2023,2,2,URBANO,Ciudades y aglomeraciones,7140000.0
2022,1,1,URBANO,Ciudades y aglomeraciones,100000000
2021,1,1,URBANO,Ciudades y aglomeraciones,300000000
2021,1,1,URBANO,Ciudades y aglomeraciones,220000000
2022,1,1,URBANO,Ciudades y aglomeraciones,320000000
2021,1,1,URBANO,Ciudades y aglomeraciones,380000000
2023,1,1,URBANO,Ciudades y aglomeraciones,385000000
2023,2,2,URBANO,Ciudades y aglomeraciones,283569984
2021,1,1,URBANO,Ciudades y aglomeraciones,100.0
2022,3,1,URBANO,Ciudades y aglomeraciones,985000000
2022,1,2,URBANO,Ciudades y aglomeraciones,640000000
2022,1,2,URBANO,Ciudades y aglomeraciones,595000000
2022,1,1,URBANO,Ciudades y aglomeraciones,550000000
2021,1,1,URBANO,Ciudades y aglomeraciones,620000000
2022,1,1,URBANO,Ciudades y aglomeraciones,520000000
2021,1,1,URBANO,Ciudades y aglomeraciones,425000000
2022,1,2,URBANO,Ciudades y aglomeraciones,542000000
2022,1,1,URBANO,Ciudades y aglomeraciones,500000000
2022,2,2,URBANO,Ciudades y aglomeraciones,615000000
2023,1,1,URBANO,Ciudades y aglomeraciones,600000000
2021,1,1,URBANO,Ciudades y aglomeraciones,615000000
2021,1,1,URBANO,Ciudades y aglomeraciones,615000000
2023,1,1,URBANO,Ciudades y aglomeraciones,600000000
2022,1,1,URBANO,Ciudades y aglomeraciones,500000000
2022,3,1,URBANO,Ciudades y aglomeraciones,985000000
2021,1,1,URBANO,Ciudades y aglomeraciones,32000000
2022,1,2,URBANO,Ciudades y aglomeraciones,542000000
2022,3,1,URBANO,Ciudades y aglomeraciones,985000000
2022,1,1,URBANO,Ciudades y aglomeraciones,550000000
2022,1,1,URBANO,Ciudades y aglomeraciones,520000000
2021,1,1,URBANO,Ciudades y aglomeraciones,425000000
2022,2,2,URBANO,Ciudades y aglomeraciones,615000000
2021,1,1,URBANO,Ciudades y aglomeraciones,620000000
2022,1,2,URBANO,Ciudades y aglomeraciones,595000000
2022,1,2,URBANO,Ciudades y aglomeraciones,640000000
2023,1,1,URBANO,Ciudades y aglomeraciones,600000000
2022,1,1,URBANO,Ciudades y aglomeraciones,520000000
2022,1,1,URBANO,Ciudades y aglomeraciones,500000000
2022,1,2,URBANO,Ciudades y aglomeraciones,595000000
2022,1,1,URBANO,Ciudades y aglomeraciones,550000000
2021,1,1,URBANO,Ciudades y aglomeraciones,615000000
2021,1,1,URBANO,Ciudades y aglomeraciones,620000000
2022,2,2,URBANO,Ciudades y aglomeraciones,615000000
2022,1,1,URBANO,Ciudades y aglomeraciones,164420000
2023,1,1,URBANO,Ciudades y aglomeraciones,68500000
2023,1,1,URBANO,Ciudades y aglomeraciones,211000000
2021,1,1,URBANO,Ciudades y aglomeraciones,100000000
2022,1,1,URBANO,Ciudades y aglomeraciones,1000000000
2022,1,4,URBANO,Ciudades y aglomeraciones,919724030
2022,1,1,URBANO,Ciudades y aglomeraciones,7000000.0
2022,1,1,URBANO,Ciudades y aglomeraciones,919724030
2023,1,1,URBANO,Ciudades y aglomeraciones,960000000
2023,1,2,URBANO,Ciudades y aglomeraciones,1184999940
2023,1,2,URBANO,Ciudades y aglomeraciones,1184999940
2023,1,2,URBANO,Ciudades y aglomeraciones,1184999940
2022,1,1,URBANO,Ciudades y aglomeraciones,7000000.0
2022,1,1,URBANO,Ciudades y aglomeraciones,919724030
2023,1,1,URBANO,Ciudades y aglomeraciones,960000000
2022,1,4,URBANO,Ciudades y aglomeraciones,919724030
2022,1,1,URBANO,Ciudades y aglomeraciones,1000000000
2022,1,1,URBANO,Ciudades y aglomeraciones,1000000000
2022,1,4,URBANO,Ciudades y aglomeraciones,919724030
2022,1,1,URBANO,Ciudades y aglomeraciones,919724030
2023,1,1,URBANO,Ciudades y aglomeraciones,960000000
2022,1,1,URBANO,Ciudades y aglomeraciones,7000000.0
2021,1,1,URBANO,Ciudades y aglomeraciones,70000000
2023,2,2,URBANO,Ciudades y aglomeraciones,200000000
2023,2,3,URBANO,Ciudades y aglomeraciones,217000000
2022,2,1,URBANO,Ciudades y aglomeraciones,255000000
2021,1,2,URBANO,Ciudades y aglomeraciones,230000000
2022,1,1,URBANO,Ciudades y aglomeraciones,250000000
2023,1,2,URBANO,Ciudades y aglomeraciones,220000000
2023,1,1,URBANO,Ciudades y aglomeraciones,240000000
2022,2,1,URBANO,Ciudades y aglomeraciones,255000000
2022,1,1,URBANO,Ciudades y aglomeraciones,300000000
2021,2,2,URBANO,Ciudades y aglomeraciones,310000000
2022,1,1,URBANO,Ciudades y aglomeraciones,290000000
2022,1,1,URBANO,Ciudades y aglomeraciones,210000000
2023,1,2,URBANO,Ciudades y aglomeraciones,370000000
2021,1,1,URBANO,Ciudades y aglomeraciones,180000000
2023,2,3,URBANO,Ciudades y aglomeraciones,217000000
2021,1,1,URBANO,Ciudades y aglomeraciones,335000000
2022,1,1,URBANO,Ciudades y aglomeraciones,335000000
2021,1,1,URBANO,Ciudades y aglomeraciones,245000000
2021,1,2,URBANO,Ciudades y aglomeraciones,15000000
2023,2,2,URBANO,Ciudades y aglomeraciones,200000000
2022,1,1,URBANO,Ciudades y aglomeraciones,300000000
2021,1,2,URBANO,Ciudades y aglomeraciones,183136000
2021,1,1,URBANO,Ciudades y aglomeraciones,180000000
2023,2,1,URBANO,Ciudades y aglomeraciones,240000000
2022,1,1,URBANO,Ciudades y aglomeraciones,290000000
2023,1,2,URBANO,Ciudades y aglomeraciones,370000000
2023,1,2,URBANO,Ciudades y aglomeraciones,220000000
2023,1,1,URBANO,Ciudades y aglomeraciones,240000000
2021,2,2,URBANO,Ciudades y aglomeraciones,310000000
2021,1,1,URBANO,Ciudades y aglomeraciones,245000000
2021,1,2,URBANO,Ciudades y aglomeraciones,145000000
2022,1,1,URBANO,Ciudades y aglomeraciones,250000000
2022,2,1,URBANO,Ciudades y aglomeraciones,255000000
2022,1,1,URBANO,Ciudades y aglomeraciones,300000000
2021,1,1,URBANO,Ciudades y aglomeraciones,335000000
2021,1,2,URBANO,Ciudades y aglomeraciones,230000000
2022,1,1,URBANO,Ciudades y aglomeraciones,39000000
2023,1,1,URBANO,Ciudades y aglomeraciones,950000000
2023,1,1,URBANO,Ciudades y aglomeraciones,950000000
2022,1,2,URBANO,Ciudades y aglomeraciones,880000000
2022,1,2,URBANO,Ciudades y aglomeraciones,880000000
2022,1,1,URBANO,Ciudades y aglomeraciones,787000000
2022,1,1,URBANO,Ciudades y aglomeraciones,787000000
2023,1,2,URBANO,Ciudades y aglomeraciones,1100000000
2023,1,2,URBANO,Ciudades y aglomeraciones,1100000000
2022,1,1,URBANO,Ciudades y aglomeraciones,787000000
2023,1,2,URBANO,Ciudades y aglomeraciones,1100000000
2021,2,1,URBANO,Ciudades y aglomeraciones,717966020
2023,1,2,URBANO,Ciudades y aglomeraciones,772000000
2023,2,2,URBANO,Ciudades y aglomeraciones,840000000
2023,2,2,URBANO,Ciudades y aglomeraciones,840000000
2022,1,1,URBANO,Ciudades y aglomeraciones,23000000
2022,1,1,URBANO,Ciudades y aglomeraciones,30000000
2023,1,1,URBANO,Ciudades y aglomeraciones,40000000
2023,1,3,URBANO,Ciudades y aglomeraciones,900000000
2023,1,2,URBANO,Ciudades y aglomeraciones,1100000000
2023,1,1,URBANO,Ciudades y aglomeraciones,950000000
2022,1,1,URBANO,Ciudades y aglomeraciones,787000000
2023,1,1,URBANO,Ciudades y aglomeraciones,850000000
2021,2,1,URBANO,Ciudades y aglomeraciones,717966020
2023,1,2,URBANO,Ciudades y aglomeraciones,772000000
2022,1,2,URBANO,Ciudades y aglomeraciones,880000000
2023,2,2,URBANO,Ciudades y aglomeraciones,840000000
2023,1,1,URBANO,Ciudades y aglomeraciones,100000000
2022,3,1,URBANO,Ciudades y aglomeraciones,39000000
2023,1,1,URBANO,Ciudades y aglomeraciones,115000000
2023,2,1,URBANO,Ciudades y aglomeraciones,800000000
2023,2,1,URBANO,Ciudades y aglomeraciones,800000000
2021,2,1,URBANO,Ciudades y aglomeraciones,570000000
2021,2,1,URBANO,Ciudades y aglomeraciones,570000000
2021,1,1,URBANO,Ciudades y aglomeraciones,720000000
2022,1,1,URBANO,Ciudades y aglomeraciones,795000000
2022,1,1,URBANO,Ciudades y aglomeraciones,795000000
2021,1,1,URBANO,Ciudades y aglomeraciones,720000000
2017,1,1,URBANO,Intermedio,47089500
2021,1,1,URBANO,Ciudades y aglomeraciones,720000000
2022,1,1,URBANO,Ciudades y aglomeraciones,795000000
2021,2,1,URBANO,Ciudades y aglomeraciones,570000000
2023,2,1,URBANO,Ciudades y aglomeraciones,800000000
2022,1,2,URBANO,Ciudades y aglomeraciones,96000000
2022,1,1,URBANO,Ciudades y aglomeraciones,110000000
2021,1,1,URBANO,Ciudades y aglomeraciones,160000000
2022,1,1,URBANO,Ciudades y aglomeraciones,90000000
2022,1,1,URBANO,Ciudades y aglomeraciones,382109504
2022,1,1,URBANO,Ciudades y aglomeraciones,382109504
2022,1,2,URBANO,Ciudades y aglomeraciones,250000000
2021,1,1,URBANO,Ciudades y aglomeraciones,522766912
2021,1,1,URBANO,Ciudades y aglomeraciones,1648999940
2022,1,1,URBANO,Ciudades y aglomeraciones,1696999940
2022,1,1,URBANO,Ciudades y aglomeraciones,1696999940
2023,1,1,URBANO,Ciudades y aglomeraciones,1696999940
2021,1,1,URBANO,Ciudades y aglomeraciones,916704000
2022,1,1,URBANO,Ciudades y aglomeraciones,1339348990
2023,1,1,URBANO,Ciudades y aglomeraciones,1397100030
2021,1,1,URBANO,Ciudades y aglomeraciones,18100000
2022,2,2,URBANO,Ciudades y aglomeraciones,1450000000
2022,3,1,URBANO,Ciudades y aglomeraciones,1101229950
2022,1,1,URBANO,Ciudades y aglomeraciones,772000000
2022,1,1,URBANO,Ciudades y aglomeraciones,1050000000
2021,1,1,URBANO,Ciudades y aglomeraciones,2190000130
2022,1,1,URBANO,Ciudades y aglomeraciones,930437820
2022,1,1,URBANO,Ciudades y aglomeraciones,1619562240
2022,1,1,URBANO,Ciudades y aglomeraciones,2885264640
2023,1,1,URBANO,Ciudades y aglomeraciones,3900400130
2022,1,1,URBANO,Ciudades y aglomeraciones,3414735360
2022,1,1,URBANO,Ciudades y aglomeraciones,1600000000
2021,1,1,URBANO,Ciudades y aglomeraciones,24166800
2022,1,1,URBANO,Ciudades y aglomeraciones,945000000
2021,1,1,URBANO,Ciudades y aglomeraciones,4200000.0
2022,1,1,URBANO,Ciudades y aglomeraciones,4299999700
2022,1,1,URBANO,Ciudades y aglomeraciones,4299999700
2022,1,1,URBANO,Ciudades y aglomeraciones,4299999700
2022,1,1,URBANO,Ciudades y aglomeraciones,4299999700
2022,1,1,URBANO,Ciudades y aglomeraciones,4299999700
2022,1,2,URBANO,Ciudades y aglomeraciones,2518202620
2021,2,1,URBANO,Ciudades y aglomeraciones,633576900
2022,1,1,URBANO,Ciudades y aglomeraciones,4299999700
2022,1,2,URBANO,Ciudades y aglomeraciones,1048000000
2022,1,1,URBANO,Ciudades y aglomeraciones,125000000
2022,1,1,URBANO,Ciudades y aglomeraciones,813539010
2021,1,1,URBANO,Ciudades y aglomeraciones,791739.0
2021,1,1,URBANO,Ciudades y aglomeraciones,893683970
2022,1,1,URBANO,Ciudades y aglomeraciones,1464220540
2023,1,1,URBANO,Ciudades y aglomeraciones,523572928
2023,1,1,URBANO,Ciudades y aglomeraciones,324923616
2023,1,1,URBANO,Ciudades y aglomeraciones,518926720
2023,1,1,URBANO,Ciudades y aglomeraciones,332576704
2021,1,1,URBANO,Ciudades y aglomeraciones,317925504
2023,1,1,URBANO,Ciudades y aglomeraciones,317516000
2022,1,1,URBANO,Ciudades y aglomeraciones,388000000
2022,1,1,URBANO,Ciudades y aglomeraciones,388000000
2023,1,1,URBANO,Ciudades y aglomeraciones,317516000
2023,1,1,URBANO,Ciudades y aglomeraciones,317516000
2022,1,1,URBANO,Ciudades y aglomeraciones,388000000
2023,1,1,URBANO,Ciudades y aglomeraciones,317516000
2023,1,1,URBANO,Ciudades y aglomeraciones,317516000
2021,1,1,URBANO,Ciudades y aglomeraciones,317925504
2023,1,1,URBANO,Ciudades y aglomeraciones,317516000
2022,1,1,URBANO,Ciudades y aglomeraciones,340000000
2022,2,1,URBANO,Ciudades y aglomeraciones,418000000
2022,1,1,URBANO,Ciudades y aglomeraciones,340000000
2022,2,1,URBANO,Ciudades y aglomeraciones,418000000
2022,1,1,URBANO,Ciudades y aglomeraciones,340000000
2022,2,1,URBANO,Ciudades y aglomeraciones,418000000
2021,1,1,URBANO,Ciudades y aglomeraciones,317925504
2022,1,1,URBANO,Ciudades y aglomeraciones,388000000
2023,1,1,URBANO,Ciudades y aglomeraciones,317516000
2021,1,1,URBANO,Ciudades y aglomeraciones,4000000.0
2022,1,1,URBANO,Ciudades y aglomeraciones,8000000.0
2023,1,1,URBANO,Ciudades y aglomeraciones,190000000
2022,1,1,URBANO,Ciudades y aglomeraciones,80000000
2021,1,2,URBANO,Ciudades y aglomeraciones,210000000
2022,2,1,URBANO,Ciudades y aglomeraciones,180000000
2021,1,2,URBANO,Ciudades y aglomeraciones,210000000
2022,1,1,URBANO,Ciudades y aglomeraciones,100000000
2022,2,1,URBANO,Ciudades y aglomeraciones,430000000
2023,1,1,URBANO,Ciudades y aglomeraciones,522500000
2021,2,1,URBANO,Ciudades y aglomeraciones,361535008
2023,1,1,URBANO,Ciudades y aglomeraciones,522500000
2022,1,1,URBANO,Ciudades y aglomeraciones,400000000
2021,2,1,URBANO,Ciudades y aglomeraciones,361535008
2021,1,1,URBANO,Ciudades y aglomeraciones,344100000
2021,2,1,URBANO,Ciudades y aglomeraciones,22000000
2015,1,1,URBANO,Intermedio,1200000.0
2023,1,1,URBANO,Ciudades y aglomeraciones,180000000
2022,2,1,URBANO,Ciudades y aglomeraciones,120000000
2023,1,1,URBANO,Ciudades y aglomeraciones,180000000
2021,1,2,URBANO,Ciudades y aglomeraciones,25000000
2022,1,1,URBANO,Ciudades y aglomeraciones,213000000
2021,1,1,URBANO,Ciudades y aglomeraciones,120000000
2022,1,1,URBANO,Ciudades y aglomeraciones,18000000
2023,1,1,URBANO,Ciudades y aglomeraciones,820000000
2021,1,1,URBANO,Ciudades y aglomeraciones,115000000
2023,1,1,URBANO,Ciudades y aglomeraciones,320000000
2021,1,1,URBANO,Ciudades y aglomeraciones,350000000
2023,1,1,URBANO,Ciudades y aglomeraciones,320000000
2021,1,1,URBANO,Ciudades y aglomeraciones,300000000
2022,2,2,URBANO,Ciudades y aglomeraciones,220000000
2021,1,1,URBANO,Ciudades y aglomeraciones,200000000
2022,2,1,URBANO,Ciudades y aglomeraciones,260000000
2021,2,1,URBANO,Ciudades y aglomeraciones,290000000
2021,1,1,URBANO,Ciudades y aglomeraciones,340000000
2021,1,1,URBANO,Ciudades y aglomeraciones,340000000
2023,2,1,URBANO,Ciudades y aglomeraciones,420000000
2023,2,2,URBANO,Ciudades y aglomeraciones,315000000
2023,1,1,URBANO,Ciudades y aglomeraciones,250000000
2021,1,2,URBANO,Ciudades y aglomeraciones,330000000
2022,1,1,URBANO,Ciudades y aglomeraciones,17500000
2022,1,1,URBANO,Ciudades y aglomeraciones,268000000
2021,1,1,URBANO,Ciudades y aglomeraciones,300000000
2023,1,1,URBANO,Ciudades y aglomeraciones,320000000
2021,1,1,URBANO,Ciudades y aglomeraciones,350000000
2023,1,1,URBANO,Ciudades y aglomeraciones,320000000
2021,1,1,URBANO,Ciudades y aglomeraciones,200000000
2022,2,1,URBANO,Ciudades y aglomeraciones,260000000
2022,2,2,URBANO,Ciudades y aglomeraciones,220000000
2021,2,1,URBANO,Ciudades y aglomeraciones,290000000
2023,1,1,URBANO,Ciudades y aglomeraciones,250000000
2023,2,2,URBANO,Ciudades y aglomeraciones,315000000
2023,2,1,URBANO,Ciudades y aglomeraciones,420000000
2021,1,1,URBANO,Ciudades y aglomeraciones,340000000
2022,1,1,URBANO,Ciudades y aglomeraciones,268000000
2023,2,2,URBANO,Ciudades y aglomeraciones,315000000
2021,1,2,URBANO,Ciudades y aglomeraciones,330000000
2023,1,1,URBANO,Ciudades y aglomeraciones,250000000
2021,1,1,URBANO,Ciudades y aglomeraciones,300000000
2023,1,1,URBANO,Ciudades y aglomeraciones,320000000
2021,2,1,URBANO,Ciudades y aglomeraciones,290000000
2023,1,1,URBANO,Ciudades y aglomeraciones,320000000
2021,1,1,URBANO,Ciudades y aglomeraciones,340000000
2023,2,1,URBANO,Ciudades y aglomeraciones,420000000
2021,1,1,URBANO,Ciudades y aglomeraciones,350000000
2022,2,2,URBANO,Ciudades y aglomeraciones,220000000
2021,1,1,URBANO,Ciudades y aglomeraciones,200000000
2022,2,1,URBANO,Ciudades y aglomeraciones,260000000
2023,2,2,URBANO,Ciudades y aglomeraciones,120000000
2023,2,2,URBANO,Ciudades y aglomeraciones,90000000
2023,2,1,URBANO,Ciudades y aglomeraciones,90000000
2021,2,1,URBANO,Ciudades y aglomeraciones,190000000
2023,2,2,URBANO,Ciudades y aglomeraciones,400000000
2021,2,1,URBANO,Ciudades y aglomeraciones,190000000
2023,2,2,URBANO,Ciudades y aglomeraciones,400000000
2021,1,1,URBANO,Ciudades y aglomeraciones,130000000
2021,1,1,URBANO,Ciudades y aglomeraciones,20000000
2021,2,1,URBANO,Ciudades y aglomeraciones,680000000
2022,1,1,URBANO,Ciudades y aglomeraciones,441076992
2023,2,1,URBANO,Ciudades y aglomeraciones,830000000
2022,1,1,URBANO,Ciudades y aglomeraciones,650099970
2022,1,1,URBANO,Ciudades y aglomeraciones,650099970
2023,1,1,URBANO,Ciudades y aglomeraciones,67500000
2022,1,4,URBANO,Ciudades y aglomeraciones,1130000000
2022,1,2,URBANO,Ciudades y aglomeraciones,1310000000
2023,2,1,URBANO,Ciudades y aglomeraciones,1400000000
2021,2,4,URBANO,Ciudades y aglomeraciones,1210000000
2015,1,1,URBANO,Intermedio,2000000.0
2021,1,1,URBANO,Ciudades y aglomeraciones,931430020
2021,2,2,URBANO,Ciudades y aglomeraciones,1284999940
2021,2,1,URBANO,Ciudades y aglomeraciones,1200000000
2021,2,1,URBANO,Ciudades y aglomeraciones,1200000000
2021,1,1,URBANO,Ciudades y aglomeraciones,931430020
2021,2,4,URBANO,Ciudades y aglomeraciones,1210000000
2023,2,1,URBANO,Ciudades y aglomeraciones,1400000000
2022,1,2,URBANO,Ciudades y aglomeraciones,1310000000
2022,1,4,URBANO,Ciudades y aglomeraciones,1130000000
2021,2,1,URBANO,Ciudades y aglomeraciones,1200000000
2021,2,1,URBANO,Ciudades y aglomeraciones,1200000000
2019,1,1,URBANO,Intermedio,5400000.0
2021,2,4,URBANO,Ciudades y aglomeraciones,1210000000
2021,2,4,URBANO,Ciudades y aglomeraciones,1210000000
2021,1,1,URBANO,Ciudades y aglomeraciones,931430020
2021,2,1,URBANO,Ciudades y aglomeraciones,1200000000
2021,1,1,URBANO,Ciudades y aglomeraciones,931430020
2021,1,1,URBANO,Ciudades y aglomeraciones,14980000
2022,1,2,URBANO,Ciudades y aglomeraciones,1310000000
2022,1,2,URBANO,Ciudades y aglomeraciones,1310000000
2022,1,2,URBANO,Ciudades y aglomeraciones,1310000000
2021,2,2,URBANO,Ciudades y aglomeraciones,1284999940
2021,2,2,URBANO,Ciudades y aglomeraciones,1284999940
2022,1,4,URBANO,Ciudades y aglomeraciones,1130000000
2022,1,4,URBANO,Ciudades y aglomeraciones,1130000000
2022,1,4,URBANO,Ciudades y aglomeraciones,1130000000
2023,2,1,URBANO,Ciudades y aglomeraciones,1400000000
2023,2,1,URBANO,Ciudades y aglomeraciones,1400000000
2023,1,1,URBANO,Ciudades y aglomeraciones,79100000
2022,1,1,URBANO,Ciudades y aglomeraciones,80000000
2023,1,1,URBANO,Ciudades y aglomeraciones,85000000
2021,2,2,URBANO,Ciudades y aglomeraciones,120000000
2021,2,2,URBANO,Ciudades y aglomeraciones,120000000
2021,2,2,URBANO,Ciudades y aglomeraciones,120000000
2022,1,1,URBANO,Ciudades y aglomeraciones,7000000.0
2022,1,1,URBANO,Ciudades y aglomeraciones,7000000.0
2021,1,1,URBANO,Ciudades y aglomeraciones,76000000
2021,1,1,URBANO,Ciudades y aglomeraciones,76000000
2022,1,1,URBANO,Ciudades y aglomeraciones,5000000.0
2021,1,1,URBANO,Ciudades y aglomeraciones,76000000
2023,1,1,URBANO,Ciudades y aglomeraciones,100000000
2023,1,2,URBANO,Ciudades y aglomeraciones,88500000
2021,1,1,URBANO,Ciudades y aglomeraciones,120000000
2023,1,2,URBANO,Ciudades y aglomeraciones,100000000
2023,1,1,URBANO,Ciudades y aglomeraciones,190000000
2022,1,2,URBANO,Ciudades y aglomeraciones,75000000
2022,1,2,URBANO,Ciudades y aglomeraciones,100000000
2022,1,1,URBANO,Ciudades y aglomeraciones,108450000
2022,1,1,URBANO,Ciudades y aglomeraciones,164273552
2023,1,1,URBANO,Ciudades y aglomeraciones,88500000
2022,2,1,URBANO,Ciudades y aglomeraciones,214286000
2023,2,1,URBANO,Ciudades y aglomeraciones,125000000
2021,2,2,URBANO,Ciudades y aglomeraciones,90000000
2023,2,1,URBANO,Ciudades y aglomeraciones,60000000
2022,1,1,URBANO,Ciudades y aglomeraciones,60000000
2022,1,2,URBANO,Ciudades y aglomeraciones,44400000
2022,1,2,URBANO,Ciudades y aglomeraciones,50000000
2021,1,1,URBANO,Ciudades y aglomeraciones,40000000
2023,1,2,URBANO,Ciudades y aglomeraciones,90000000
2023,1,1,URBANO,Ciudades y aglomeraciones,280000000
2023,1,1,URBANO,Ciudades y aglomeraciones,280000000
2022,1,1,URBANO,Ciudades y aglomeraciones,316208992
2021,2,1,URBANO,Ciudades y aglomeraciones,350000000
2021,2,1,URBANO,Ciudades y aglomeraciones,350000000
2022,1,1,URBANO,Ciudades y aglomeraciones,316208992
2021,2,1,URBANO,Ciudades y aglomeraciones,350000000
2022,1,1,URBANO,Ciudades y aglomeraciones,316208992
2021,2,1,URBANO,Ciudades y aglomeraciones,350000000
2022,1,1,URBANO,Ciudades y aglomeraciones,80000000
2022,1,1,URBANO,Ciudades y aglomeraciones,70000000
2023,1,1,URBANO,Ciudades y aglomeraciones,90000000
2023,2,1,URBANO,Ciudades y aglomeraciones,108000000
2023,1,1,URBANO,Ciudades y aglomeraciones,120000000
2021,1,4,URBANO,Ciudades y aglomeraciones,110000000
2022,1,2,URBANO,Ciudades y aglomeraciones,70000000
2022,2,2,URBANO,Ciudades y aglomeraciones,120000000
2023,1,2,URBANO,Ciudades y aglomeraciones,140000000
2022,1,2,URBANO,Ciudades y aglomeraciones,90000000
2023,1,1,URBANO,Ciudades y aglomeraciones,150000000
2022,1,1,URBANO,Ciudades y aglomeraciones,45000000
2022,1,1,URBANO,Ciudades y aglomeraciones,100000000
2023,1,2,URBANO,Ciudades y aglomeraciones,100000000
2023,1,1,URBANO,Ciudades y aglomeraciones,24000000
2022,1,1,URBANO,Ciudades y aglomeraciones,5000000.0
2015,2,1,RURAL,Intermedio,122000000
2022,1,2,URBANO,Ciudades y aglomeraciones,127000000
2021,1,1,URBANO,Ciudades y aglomeraciones,50000000
2021,1,1,URBANO,Ciudades y aglomeraciones,36000000
2023,1,1,URBANO,Ciudades y aglomeraciones,85000000
2022,1,2,URBANO,Ciudades y aglomeraciones,120000000
2022,1,1,URBANO,Ciudades y aglomeraciones,45000000
2022,1,1,URBANO,Ciudades y aglomeraciones,115000000
2023,1,1,URBANO,Ciudades y aglomeraciones,126000000
2023,1,1,URBANO,Ciudades y aglomeraciones,85000000
2022,1,2,URBANO,Ciudades y aglomeraciones,36331000
2023,1,1,URBANO,Ciudades y aglomeraciones,105000000
2021,1,1,URBANO,Ciudades y aglomeraciones,70000000
2022,1,1,URBANO,Ciudades y aglomeraciones,118000000
2023,1,1,URBANO,Ciudades y aglomeraciones,78000000
2022,1,2,URBANO,Ciudades y aglomeraciones,36331000
2022,1,1,URBANO,Ciudades y aglomeraciones,40000000
2022,2,1,URBANO,Ciudades y aglomeraciones,90000000
2022,1,1,URBANO,Ciudades y aglomeraciones,72908904
2022,1,1,URBANO,Ciudades y aglomeraciones,40000000
2022,1,2,URBANO,Ciudades y aglomeraciones,55000000
2022,2,1,URBANO,Ciudades y aglomeraciones,1200000000
2022,2,1,URBANO,Ciudades y aglomeraciones,1100000.0
2022,5,1,URBANO,Ciudades y aglomeraciones,900000000
2021,2,1,URBANO,Ciudades y aglomeraciones,1070000000
2023,1,1,URBANO,Ciudades y aglomeraciones,1000000000
2017,1,2,RURAL,Intermedio,130000000
2021,1,1,URBANO,Ciudades y aglomeraciones,1000000000
2022,1,2,URBANO,Ciudades y aglomeraciones,1200000000
2021,2,1,URBANO,Ciudades y aglomeraciones,1070000000
2022,2,1,URBANO,Ciudades y aglomeraciones,1200000000
2021,2,1,URBANO,Ciudades y aglomeraciones,1070000000
2021,2,1,URBANO,Ciudades y aglomeraciones,1070000000
2021,1,1,URBANO,Ciudades y aglomeraciones,1000000000
2021,1,1,URBANO,Ciudades y aglomeraciones,1000000000
2022,2,1,URBANO,Ciudades y aglomeraciones,1200000000
2022,2,1,URBANO,Ciudades y aglomeraciones,1200000000
2023,2,2,URBANO,Ciudades y aglomeraciones,300000000
2021,1,1,URBANO,Ciudades y aglomeraciones,1000000000
2021,1,1,URBANO,Ciudades y aglomeraciones,1000000000
2022,5,1,URBANO,Ciudades y aglomeraciones,900000000
2022,5,1,URBANO,Ciudades y aglomeraciones,900000000
2023,1,1,URBANO,Ciudades y aglomeraciones,1000000000
2023,1,1,URBANO,Ciudades y aglomeraciones,1000000000
2023,1,3,URBANO,Ciudades y aglomeraciones,490000000
2022,2,1,URBANO,Ciudades y aglomeraciones,1100000.0
2022,2,1,URBANO,Ciudades y aglomeraciones,1100000.0
2022,1,2,URBANO,Ciudades y aglomeraciones,1200000000
2022,1,2,URBANO,Ciudades y aglomeraciones,1200000000
2022,1,2,URBANO,Ciudades y aglomeraciones,1200000000
2022,1,2,URBANO,Ciudades y aglomeraciones,1200000000
2023,3,3,URBANO,Ciudades y aglomeraciones,383150016
2023,2,2,URBANO,Ciudades y aglomeraciones,300000000
2023,1,2,URBANO,Ciudades y aglomeraciones,950000000
2021,1,1,URBANO,Ciudades y aglomeraciones,1050000000
2020,1,1,RURAL,Rural,12000000
2022,1,2,URBANO,Ciudades y aglomeraciones,2500000000
2022,1,1,URBANO,Ciudades y aglomeraciones,2700000000
2023,1,1,URBANO,Ciudades y aglomeraciones,200000000
2021,1,1,URBANO,Ciudades y aglomeraciones,265000000
2023,1,1,URBANO,Ciudades y aglomeraciones,368000000
2021,1,1,URBANO,Ciudades y aglomeraciones,254000000
2022,2,2,URBANO,Ciudades y aglomeraciones,118859000
2021,1,1,URBANO,Ciudades y aglomeraciones,190000000
2022,2,1,URBANO,Ciudades y aglomeraciones,250000000
2022,1,1,URBANO,Ciudades y aglomeraciones,315000000
2023,1,9,URBANO,Ciudades y aglomeraciones,280000000
2022,1,2,URBANO,Ciudades y aglomeraciones,270000000
2022,1,2,URBANO,Ciudades y aglomeraciones,315000000
2022,1,1,URBANO,Ciudades y aglomeraciones,155000000
2022,1,1,URBANO,Ciudades y aglomeraciones,328000000
2023,2,2,URBANO,Ciudades y aglomeraciones,300000000
2021,2,2,URBANO,Ciudades y aglomeraciones,200000000
2023,1,1,URBANO,Ciudades y aglomeraciones,215600000
2021,1,1,URBANO,Ciudades y aglomeraciones,190000000
2022,1,2,URBANO,Ciudades y aglomeraciones,270000000
2022,1,1,URBANO,Ciudades y aglomeraciones,315000000
2023,1,9,URBANO,Ciudades y aglomeraciones,280000000
2021,1,1,URBANO,Ciudades y aglomeraciones,265000000
2022,2,1,URBANO,Ciudades y aglomeraciones,20000000
2022,1,1,URBANO,Ciudades y aglomeraciones,155000000
2023,1,1,URBANO,Ciudades y aglomeraciones,200000000
2023,1,1,URBANO,Ciudades y aglomeraciones,368000000
2022,1,2,URBANO,Ciudades y aglomeraciones,315000000
2022,2,2,URBANO,Ciudades y aglomeraciones,118859000
2022,1,1,URBANO,Ciudades y aglomeraciones,328000000
2022,1,1,URBANO,Ciudades y aglomeraciones,60000000
2023,1,1,URBANO,Ciudades y aglomeraciones,230631584
2021,1,1,URBANO,Ciudades y aglomeraciones,670000000
2017,1,1,RURAL,Intermedio,559000000
2021,1,1,URBANO,Ciudades y aglomeraciones,670000000
2023,2,2,URBANO,Ciudades y aglomeraciones,820000000
2022,1,1,URBANO,Ciudades y aglomeraciones,582336000
2021,2,2,URBANO,Ciudades y aglomeraciones,600000000
2021,2,2,URBANO,Ciudades y aglomeraciones,600000000
2022,1,1,URBANO,Ciudades y aglomeraciones,582336000
2023,1,1,URBANO,Ciudades y aglomeraciones,650000000
2023,1,1,URBANO,Ciudades y aglomeraciones,650000000
2018,2,1,RURAL,Intermedio,233000000
2023,2,2,URBANO,Ciudades y aglomeraciones,820000000
2021,2,2,URBANO,Ciudades y aglomeraciones,600000000
2021,2,2,URBANO,Ciudades y aglomeraciones,420000000
2023,2,2,URBANO,Ciudades y aglomeraciones,700000000
2023,2,1,URBANO,Ciudades y aglomeraciones,14500000
2022,1,1,URBANO,Ciudades y aglomeraciones,13500000
2023,2,1,URBANO,Ciudades y aglomeraciones,80000000
2023,2,2,URBANO,Ciudades y aglomeraciones,70000000
2023,2,2,URBANO,Ciudades y aglomeraciones,820000000
2021,2,2,URBANO,Ciudades y aglomeraciones,420000000
2023,2,2,URBANO,Ciudades y aglomeraciones,700000000
2021,2,2,URBANO,Ciudades y aglomeraciones,600000000
2023,1,1,URBANO,Ciudades y aglomeraciones,650000000
2022,1,1,URBANO,Ciudades y aglomeraciones,582336000
2021,1,1,URBANO,Ciudades y aglomeraciones,670000000
2022,1,1,URBANO,Ciudades y aglomeraciones,180000000
2016,2,1,RURAL,Intermedio,170060000
2023,1,1,URBANO,Ciudades y aglomeraciones,185000000
2021,1,1,URBANO,Ciudades y aglomeraciones,170000000
2021,1,1,URBANO,Ciudades y aglomeraciones,200000000
2022,1,1,URBANO,Ciudades y aglomeraciones,163000000
2021,1,1,URBANO,Ciudades y aglomeraciones,120000000
2021,1,1,URBANO,Ciudades y aglomeraciones,129000000
2023,1,1,URBANO,Ciudades y aglomeraciones,165000000
2023,1,1,URBANO,Ciudades y aglomeraciones,165000000
2022,2,1,URBANO,Ciudades y aglomeraciones,160000000
2022,1,2,URBANO,Ciudades y aglomeraciones,185000000
2021,1,2,URBANO,Ciudades y aglomeraciones,142000000
2021,2,1,URBANO,Ciudades y aglomeraciones,120000000
2022,3,1,URBANO,Ciudades y aglomeraciones,158964992
2022,1,1,URBANO,Ciudades y aglomeraciones,159000000
2023,1,1,URBANO,Ciudades y aglomeraciones,166000000
2023,1,1,URBANO,Ciudades y aglomeraciones,170000000
2021,2,1,URBANO,Ciudades y aglomeraciones,130000000
2023,1,2,URBANO,Ciudades y aglomeraciones,210000000
2022,1,1,URBANO,Ciudades y aglomeraciones,155000000
2022,2,1,URBANO,Ciudades y aglomeraciones,140000000
2015,1,1,RURAL,Intermedio,219819680
2022,1,2,URBANO,Ciudades y aglomeraciones,170000000
2021,1,1,URBANO,Ciudades y aglomeraciones,120000000
2022,1,2,URBANO,Ciudades y aglomeraciones,150000000
2023,2,1,URBANO,Ciudades y aglomeraciones,165000000
2022,1,1,URBANO,Ciudades y aglomeraciones,175000000
2022,1,1,URBANO,Ciudades y aglomeraciones,155000000
2021,2,1,URBANO,Ciudades y aglomeraciones,130000000
2021,1,1,URBANO,Ciudades y aglomeraciones,200000000
2022,1,2,URBANO,Ciudades y aglomeraciones,170000000
2021,1,1,URBANO,Ciudades y aglomeraciones,120000000
2021,2,1,URBANO,Ciudades y aglomeraciones,120000000
2023,1,2,URBANO,Ciudades y aglomeraciones,210000000
2022,2,1,URBANO,Ciudades y aglomeraciones,160000000
2022,2,1,URBANO,Ciudades y aglomeraciones,140000000
2022,1,1,URBANO,Ciudades y aglomeraciones,175000000
2021,1,1,URBANO,Ciudades y aglomeraciones,120000000
2022,1,1,URBANO,Ciudades y aglomeraciones,40000000
2022,1,1,URBANO,Ciudades y aglomeraciones,130000000
2022,1,2,URBANO,Ciudades y aglomeraciones,37000000
2022,1,1,URBANO,Ciudades y aglomeraciones,341310016
2022,1,1,URBANO,Ciudades y aglomeraciones,341310016
2022,1,1,URBANO,Ciudades y aglomeraciones,255000000
2023,1,1,URBANO,Ciudades y aglomeraciones,125000000
2022,1,1,URBANO,Ciudades y aglomeraciones,105000000
2016,1,1,RURAL,Intermedio,180500000
2023,2,1,URBANO,Ciudades y aglomeraciones,90000000
2021,1,1,URBANO,Ciudades y aglomeraciones,45000000
2022,1,1,URBANO,Ciudades y aglomeraciones,90000000
2022,1,1,URBANO,Ciudades y aglomeraciones,110000000
2022,1,1,URBANO,Ciudades y aglomeraciones,59792144
2022,1,1,URBANO,Ciudades y aglomeraciones,59792144
2021,1,1,URBANO,Ciudades y aglomeraciones,59792144
2022,2,1,URBANO,Ciudades y aglomeraciones,59792144
2021,1,1,URBANO,Ciudades y aglomeraciones,59792144
2023,1,1,URBANO,Ciudades y aglomeraciones,71912144
2022,1,1,URBANO,Ciudades y aglomeraciones,59792144
2022,1,1,URBANO,Ciudades y aglomeraciones,59792144
2021,1,1,URBANO,Ciudades y aglomeraciones,59792144
2022,1,1,URBANO,Ciudades y aglomeraciones,59792144
2022,1,1,URBANO,Ciudades y aglomeraciones,59792144
2021,1,1,URBANO,Ciudades y aglomeraciones,59792144
2022,1,1,URBANO,Ciudades y aglomeraciones,59792144
2022,1,1,URBANO,Ciudades y aglomeraciones,45000000
2021,1,1,URBANO,Ciudades y aglomeraciones,70000000
2022,2,1,URBANO,Ciudades y aglomeraciones,72000000
2023,1,2,URBANO,Ciudades y aglomeraciones,70000000
2022,1,1,URBANO,Ciudades y aglomeraciones,400000000
2022,1,2,URBANO,Ciudades y aglomeraciones,445000000
2022,2,1,URBANO,Ciudades y aglomeraciones,625000000
2022,1,1,URBANO,Ciudades y aglomeraciones,400000000
2022,1,3,URBANO,Ciudades y aglomeraciones,440000000
2021,2,1,URBANO,Ciudades y aglomeraciones,380000000
2021,1,1,URBANO,Ciudades y aglomeraciones,632000000
2022,1,2,URBANO,Ciudades y aglomeraciones,450000000
2022,1,2,URBANO,Ciudades y aglomeraciones,275000000
2022,1,2,URBANO,Ciudades y aglomeraciones,345000000
2022,1,1,URBANO,Ciudades y aglomeraciones,87641000
2022,1,1,URBANO,Ciudades y aglomeraciones,87641000
2022,1,1,URBANO,Ciudades y aglomeraciones,87641000
2022,1,1,URBANO,Ciudades y aglomeraciones,400000000
2021,2,1,URBANO,Ciudades y aglomeraciones,380000000
2022,1,2,URBANO,Ciudades y aglomeraciones,445000000
2022,1,1,URBANO,Ciudades y aglomeraciones,400000000
2022,1,2,URBANO,Ciudades y aglomeraciones,275000000
2022,1,2,URBANO,Ciudades y aglomeraciones,450000000
2021,1,1,URBANO,Ciudades y aglomeraciones,632000000
2022,1,2,URBANO,Ciudades y aglomeraciones,345000000
2022,1,3,URBANO,Ciudades y aglomeraciones,440000000
2022,2,1,URBANO,Ciudades y aglomeraciones,625000000
2021,1,1,URBANO,Ciudades y aglomeraciones,632000000
2022,1,1,URBANO,Ciudades y aglomeraciones,400000000
2022,1,1,URBANO,Ciudades y aglomeraciones,400000000
2022,1,1,URBANO,Ciudades y aglomeraciones,87641000
2022,1,1,URBANO,Ciudades y aglomeraciones,320000000
2022,1,1,URBANO,Ciudades y aglomeraciones,290000000
2021,1,2,URBANO,Ciudades y aglomeraciones,163000000
2022,1,1,URBANO,Ciudades y aglomeraciones,550000000
2022,2,1,URBANO,Ciudades y aglomeraciones,414000000
2022,1,1,URBANO,Ciudades y aglomeraciones,33000000
2022,1,1,URBANO,Ciudades y aglomeraciones,33000000
2022,1,1,URBANO,Ciudades y aglomeraciones,1000000000
2022,1,1,URBANO,Ciudades y aglomeraciones,1000000000
2022,1,1,URBANO,Ciudades y aglomeraciones,220000000
2021,1,1,URBANO,Ciudades y aglomeraciones,220000000
2021,1,1,URBANO,Ciudades y aglomeraciones,220000000
2022,1,1,URBANO,Ciudades y aglomeraciones,220000000
2023,1,3,URBANO,Ciudades y aglomeraciones,460000000
2023,1,3,URBANO,Ciudades y aglomeraciones,460000000
2023,1,3,URBANO,Ciudades y aglomeraciones,460000000
2022,1,2,URBANO,Ciudades y aglomeraciones,455000000
2023,1,1,URBANO,Ciudades y aglomeraciones,74077792
2022,1,2,URBANO,Ciudades y aglomeraciones,455000000
2022,1,1,URBANO,Ciudades y aglomeraciones,1000000000
2022,1,1,URBANO,Ciudades y aglomeraciones,1000000000
2023,1,1,URBANO,Ciudades y aglomeraciones,450000000
2022,1,1,URBANO,Ciudades y aglomeraciones,350000000
2023,4,2,URBANO,Ciudades y aglomeraciones,280000000
2022,1,1,URBANO,Ciudades y aglomeraciones,345000000
2023,1,1,URBANO,Ciudades y aglomeraciones,470000000
2023,1,1,URBANO,Ciudades y aglomeraciones,300000000
2022,1,1,URBANO,Ciudades y aglomeraciones,308000000
2023,1,1,URBANO,Ciudades y aglomeraciones,139472496
2021,1,1,URBANO,Ciudades y aglomeraciones,387500000
2017,1,1,RURAL,Intermedio,149884848
2023,1,3,URBANO,Ciudades y aglomeraciones,350000000
2023,1,3,URBANO,Ciudades y aglomeraciones,350000000
2023,4,2,URBANO,Ciudades y aglomeraciones,280000000
2023,1,1,URBANO,Ciudades y aglomeraciones,470000000
2022,1,1,URBANO,Ciudades y aglomeraciones,345000000
2023,1,1,URBANO,Ciudades y aglomeraciones,300000000
2022,1,1,URBANO,Ciudades y aglomeraciones,308000000
2023,1,1,URBANO,Ciudades y aglomeraciones,139472496
2021,1,1,URBANO,Ciudades y aglomeraciones,387500000
2019,1,1,RURAL,Intermedio,325000000
2023,1,3,URBANO,Ciudades y aglomeraciones,350000000
2023,1,3,URBANO,Ciudades y aglomeraciones,350000000
2021,1,1,URBANO,Ciudades y aglomeraciones,55000000
2022,1,1,URBANO,Ciudades y aglomeraciones,345000000
2023,4,2,URBANO,Ciudades y aglomeraciones,280000000
2023,1,1,URBANO,Ciudades y aglomeraciones,300000000
2022,1,1,URBANO,Ciudades y aglomeraciones,308000000
2021,1,1,URBANO,Ciudades y aglomeraciones,387500000
2023,1,1,URBANO,Ciudades y aglomeraciones,139472496
2022,1,1,URBANO,Ciudades y aglomeraciones,29000000
2022,1,1,URBANO,Ciudades y aglomeraciones,16200000
2022,2,7,URBANO,Ciudades y aglomeraciones,150000000
2023,1,1,URBANO,Ciudades y aglomeraciones,95000000
2023,1,1,URBANO,Ciudades y aglomeraciones,95000000
2021,2,1,URBANO,Ciudades y aglomeraciones,86000000
2023,1,1,URBANO,Ciudades y aglomeraciones,647370.0
2022,2,1,URBANO,Ciudades y aglomeraciones,400000000
2021,1,1,URBANO,Ciudades y aglomeraciones,412500000
2021,1,1,URBANO,Ciudades y aglomeraciones,450000000
2023,1,2,URBANO,Ciudades y aglomeraciones,320000000
2021,1,1,URBANO,Ciudades y aglomeraciones,315000000
2022,1,3,URBANO,Ciudades y aglomeraciones,400000000
2021,2,2,URBANO,Ciudades y aglomeraciones,405000000
2022,1,1,URBANO,Ciudades y aglomeraciones,431000000
2022,3,6,URBANO,Ciudades y aglomeraciones,300000000
2022,1,1,URBANO,Ciudades y aglomeraciones,274201984
2022,1,1,URBANO,Ciudades y aglomeraciones,470000000
2021,1,1,URBANO,Ciudades y aglomeraciones,450000000
2021,1,1,URBANO,Ciudades y aglomeraciones,412500000
2022,2,1,URBANO,Ciudades y aglomeraciones,400000000
2023,1,1,URBANO,Ciudades y aglomeraciones,647370.0
2022,1,1,URBANO,Ciudades y aglomeraciones,274201984
2022,1,1,URBANO,Ciudades y aglomeraciones,431000000
2022,1,3,URBANO,Ciudades y aglomeraciones,400000000
2021,1,1,URBANO,Ciudades y aglomeraciones,315000000
2021,2,2,URBANO,Ciudades y aglomeraciones,405000000
2022,1,1,URBANO,Ciudades y aglomeraciones,244000000
2021,1,1,URBANO,Ciudades y aglomeraciones,412500000
2021,1,1,URBANO,Ciudades y aglomeraciones,450000000
2023,1,1,URBANO,Ciudades y aglomeraciones,320000000
2022,1,1,URBANO,Ciudades y aglomeraciones,431000000
2022,1,1,URBANO,Ciudades y aglomeraciones,274201984
2023,1,2,URBANO,Ciudades y aglomeraciones,320000000
2022,1,1,URBANO,Ciudades y aglomeraciones,244000000
2021,1,2,URBANO,Ciudades y aglomeraciones,420000000
2022,3,6,URBANO,Ciudades y aglomeraciones,300000000
2021,1,1,URBANO,Ciudades y aglomeraciones,315000000
2022,1,1,URBANO,Ciudades y aglomeraciones,470000000
2022,2,1,URBANO,Ciudades y aglomeraciones,400000000
2023,1,1,URBANO,Ciudades y aglomeraciones,647370.0
2021,2,2,URBANO,Ciudades y aglomeraciones,405000000
2023,1,1,URBANO,Ciudades y aglomeraciones,195000000
2022,1,1,URBANO,Ciudades y aglomeraciones,210000000
2022,1,1,URBANO,Ciudades y aglomeraciones,205000000
2023,1,2,URBANO,Ciudades y aglomeraciones,260000000
2023,1,2,URBANO,Ciudades y aglomeraciones,169000000
2023,1,1,URBANO,Ciudades y aglomeraciones,220000000
2022,1,1,URBANO,Ciudades y aglomeraciones,250000000
2021,2,2,RURAL,Intermedio,250000000
2021,1,1,URBANO,Ciudades y aglomeraciones,124104000
2021,2,1,URBANO,Ciudades y aglomeraciones,210000000
2023,1,1,URBANO,Ciudades y aglomeraciones,275768000
2022,1,1,URBANO,Ciudades y aglomeraciones,210000000
2021,1,1,URBANO,Ciudades y aglomeraciones,101000000
2023,1,2,URBANO,Ciudades y aglomeraciones,260000000
2021,1,1,URBANO,Ciudades y aglomeraciones,124104000
2023,1,1,URBANO,Ciudades y aglomeraciones,25000000
2022,1,1,URBANO,Ciudades y aglomeraciones,250000000
2021,2,1,URBANO,Ciudades y aglomeraciones,210000000
2022,1,1,URBANO,Ciudades y aglomeraciones,250000000
2023,1,1,URBANO,Ciudades y aglomeraciones,25000000
2022,1,1,URBANO,Ciudades y aglomeraciones,205000000
2023,1,1,URBANO,Ciudades y aglomeraciones,275768000
2022,1,1,URBANO,Ciudades y aglomeraciones,385000000
2022,1,1,URBANO,Ciudades y aglomeraciones,430000000
2021,2,2,URBANO,Ciudades y aglomeraciones,315000000
2023,2,1,URBANO,Ciudades y aglomeraciones,250000000
2022,1,1,URBANO,Ciudades y aglomeraciones,375000000
2022,1,1,URBANO,Ciudades y aglomeraciones,430000000
2022,1,1,URBANO,Ciudades y aglomeraciones,385000000
2021,1,1,URBANO,Ciudades y aglomeraciones,188100000
2022,1,2,URBANO,Ciudades y aglomeraciones,365000000
2021,2,2,URBANO,Ciudades y aglomeraciones,315000000
2022,1,1,URBANO,Ciudades y aglomeraciones,375000000
2023,2,1,URBANO,Ciudades y aglomeraciones,250000000
2022,1,1,URBANO,Ciudades y aglomeraciones,30000000
2022,1,1,URBANO,Ciudades y aglomeraciones,132000000
2023,1,1,URBANO,Ciudades y aglomeraciones,750000000
2021,1,1,URBANO,Ciudades y aglomeraciones,80000000
2023,1,1,URBANO,Ciudades y aglomeraciones,158000000
2022,1,1,URBANO,Ciudades y aglomeraciones,140000000
2021,2,1,URBANO,Ciudades y aglomeraciones,100000000
2021,2,1,URBANO,Ciudades y aglomeraciones,65000000
2022,1,1,URBANO,Ciudades y aglomeraciones,86000000
2022,1,2,URBANO,Ciudades y aglomeraciones,90000000
2022,1,1,URBANO,Ciudades y aglomeraciones,123000000
2021,1,1,URBANO,Ciudades y aglomeraciones,55000000
2023,1,1,URBANO,Ciudades y aglomeraciones,1920000000
2021,1,2,URBANO,Ciudades y aglomeraciones,1700000000
2022,1,4,URBANO,Ciudades y aglomeraciones,4434240000
2021,1,2,URBANO,Ciudades y aglomeraciones,4499999700
2023,1,1,URBANO,Ciudades y aglomeraciones,1900000000
2023,4,4,RURAL,Intermedio,960000000
2022,2,1,URBANO,Ciudades y aglomeraciones,200000000
2023,1,1,URBANO,Ciudades y aglomeraciones,80000000
2017,2,1,RURAL,Intermedio,82300000
2021,1,1,URBANO,Ciudades y aglomeraciones,40000000
2023,1,1,URBANO,Ciudades y aglomeraciones,80000000
2023,1,1,URBANO,Ciudades y aglomeraciones,87928824
2021,1,1,URBANO,Ciudades y aglomeraciones,90000000
2021,2,1,URBANO,Ciudades y aglomeraciones,60000000
2021,2,1,URBANO,Ciudades y aglomeraciones,90000000
2022,1,1,URBANO,Ciudades y aglomeraciones,85000000
2022,1,2,URBANO,Ciudades y aglomeraciones,80000000
2022,1,1,URBANO,Ciudades y aglomeraciones,50000000
2022,1,2,URBANO,Ciudades y aglomeraciones,86000000
2023,2,1,URBANO,Ciudades y aglomeraciones,115000000
2015,1,1,RURAL,Intermedio,179200000
2021,1,2,URBANO,Ciudades y aglomeraciones,93000000
2021,1,1,URBANO,Ciudades y aglomeraciones,77000000
2021,1,1,URBANO,Ciudades y aglomeraciones,180000000
2021,1,1,URBANO,Ciudades y aglomeraciones,350000000
2022,1,1,URBANO,Ciudades y aglomeraciones,280000000
2023,2,2,URBANO,Ciudades y aglomeraciones,190000000
2021,1,1,URBANO,Ciudades y aglomeraciones,20000000
2021,1,1,URBANO,Ciudades y aglomeraciones,23000000
2022,1,1,URBANO,Ciudades y aglomeraciones,280000000
2023,2,2,URBANO,Ciudades y aglomeraciones,190000000
2021,1,1,URBANO,Ciudades y aglomeraciones,10000000
2021,1,1,URBANO,Ciudades y aglomeraciones,10000000
2022,1,1,URBANO,Ciudades y aglomeraciones,110000000
2022,1,1,URBANO,Ciudades y aglomeraciones,110000000
2021,1,1,URBANO,Ciudades y aglomeraciones,123000000
2022,1,1,URBANO,Ciudades y aglomeraciones,100000000
2021,1,1,URBANO,Ciudades y aglomeraciones,80000000
2021,1,1,URBANO,Ciudades y aglomeraciones,55000000
2023,1,2,URBANO,Ciudades y aglomeraciones,80000000
2023,2,2,URBANO,Ciudades y aglomeraciones,145000000
2022,1,1,URBANO,Ciudades y aglomeraciones,145000000
2021,1,1,URBANO,Ciudades y aglomeraciones,44000000
2022,1,1,URBANO,Ciudades y aglomeraciones,138000000
2021,1,1,URBANO,Ciudades y aglomeraciones,128000000
2022,1,1,URBANO,Ciudades y aglomeraciones,116000000
2022,1,1,URBANO,Ciudades y aglomeraciones,108000000
2023,1,1,URBANO,Ciudades y aglomeraciones,70000000
2023,1,1,URBANO,Ciudades y aglomeraciones,72000000
2022,2,1,URBANO,Ciudades y aglomeraciones,143000000
2023,1,1,URBANO,Ciudades y aglomeraciones,135000000
2022,2,1,URBANO,Ciudades y aglomeraciones,90000000
2021,1,2,URBANO,Ciudades y aglomeraciones,130000000
2021,1,1,URBANO,Ciudades y aglomeraciones,110000000
2022,1,1,URBANO,Ciudades y aglomeraciones,125000000
2023,1,1,URBANO,Ciudades y aglomeraciones,145000000
2021,1,1,URBANO,Ciudades y aglomeraciones,45000000
2023,4,2,URBANO,Ciudades y aglomeraciones,80000000
2022,1,2,URBANO,Ciudades y aglomeraciones,95000000
2022,1,1,URBANO,Ciudades y aglomeraciones,125000000
2022,1,1,URBANO,Ciudades y aglomeraciones,30000000
2021,2,1,URBANO,Ciudades y aglomeraciones,75000000
2022,1,1,URBANO,Ciudades y aglomeraciones,40000000
2023,2,2,URBANO,Ciudades y aglomeraciones,204000000
2022,1,1,URBANO,Ciudades y aglomeraciones,430000000
2022,1,2,URBANO,Ciudades y aglomeraciones,300000000
2023,1,1,URBANO,Ciudades y aglomeraciones,500000000
2023,1,2,URBANO,Ciudades y aglomeraciones,450000000
2021,2,1,URBANO,Ciudades y aglomeraciones,290000000
2022,1,1,URBANO,Ciudades y aglomeraciones,298230016
2023,1,1,URBANO,Ciudades y aglomeraciones,600000000
2023,2,1,URBANO,Ciudades y aglomeraciones,305000000
2023,2,3,URBANO,Ciudades y aglomeraciones,647000000
2021,1,1,URBANO,Ciudades y aglomeraciones,490000000
2022,1,1,URBANO,Ciudades y aglomeraciones,750000000
2023,5,1,URBANO,Ciudades y aglomeraciones,800000000
2023,1,1,URBANO,Ciudades y aglomeraciones,550000000
2021,1,1,URBANO,Ciudades y aglomeraciones,535000000
2023,1,1,URBANO,Ciudades y aglomeraciones,420000000
2022,1,1,URBANO,Ciudades y aglomeraciones,345000000
2023,2,2,URBANO,Ciudades y aglomeraciones,4000000.0
2022,1,1,URBANO,Ciudades y aglomeraciones,435000000
2023,1,1,URBANO,Ciudades y aglomeraciones,400000000
2021,1,1,URBANO,Ciudades y aglomeraciones,370000000
2022,1,1,URBANO,Ciudades y aglomeraciones,300000000
2022,1,1,URBANO,Ciudades y aglomeraciones,470000000
2022,1,1,URBANO,Ciudades y aglomeraciones,470000000
2022,1,1,URBANO,Ciudades y aglomeraciones,16000000
2023,2,2,URBANO,Ciudades y aglomeraciones,647000000
2021,1,1,URBANO,Ciudades y aglomeraciones,370000000
2023,2,1,URBANO,Ciudades y aglomeraciones,305000000
2022,1,1,URBANO,Ciudades y aglomeraciones,300000000
2021,1,1,URBANO,Ciudades y aglomeraciones,40000000
2022,1,1,URBANO,Ciudades y aglomeraciones,435000000
2021,2,1,URBANO,Ciudades y aglomeraciones,290000000
2022,1,1,URBANO,Ciudades y aglomeraciones,430000000
2023,1,1,URBANO,Ciudades y aglomeraciones,550000000
2022,1,1,URBANO,Ciudades y aglomeraciones,750000000
2023,5,1,URBANO,Ciudades y aglomeraciones,800000000
2023,1,1,URBANO,Ciudades y aglomeraciones,420000000
2023,1,1,URBANO,Ciudades y aglomeraciones,400000000
2023,1,1,URBANO,Ciudades y aglomeraciones,600000000
2022,1,1,URBANO,Ciudades y aglomeraciones,24000000
2022,1,2,URBANO,Ciudades y aglomeraciones,300000000
2022,1,1,URBANO,Ciudades y aglomeraciones,345000000
2023,1,2,URBANO,Ciudades y aglomeraciones,450000000
2023,1,1,URBANO,Ciudades y aglomeraciones,500000000
2023,2,1,URBANO,Ciudades y aglomeraciones,150000000
2021,1,1,URBANO,Ciudades y aglomeraciones,55000000
2021,2,1,URBANO,Ciudades y aglomeraciones,146000000
2021,2,1,URBANO,Ciudades y aglomeraciones,130000000
2021,1,2,URBANO,Ciudades y aglomeraciones,75000000
2023,2,2,URBANO,Ciudades y aglomeraciones,155000000
2022,1,2,URBANO,Ciudades y aglomeraciones,100000000
2021,1,1,URBANO,Ciudades y aglomeraciones,28000000
2022,1,2,URBANO,Ciudades y aglomeraciones,100000000
2022,2,2,URBANO,Ciudades y aglomeraciones,300000000
2022,2,2,URBANO,Ciudades y aglomeraciones,300000000
2022,1,1,URBANO,Ciudades y aglomeraciones,228000000
2022,1,1,URBANO,Ciudades y aglomeraciones,228000000
2022,2,2,URBANO,Ciudades y aglomeraciones,300000000
2022,1,1,URBANO,Ciudades y aglomeraciones,228000000
2022,1,1,URBANO,Ciudades y aglomeraciones,143000000
2022,1,1,URBANO,Ciudades y aglomeraciones,694080510
2021,1,1,URBANO,Ciudades y aglomeraciones,80000000
2021,1,1,URBANO,Ciudades y aglomeraciones,80000000
2022,2,1,URBANO,Ciudades y aglomeraciones,720000000
2022,2,1,URBANO,Ciudades y aglomeraciones,720000000
2022,1,2,URBANO,Ciudades y aglomeraciones,101000000
2022,1,2,URBANO,Ciudades y aglomeraciones,125000000
2022,1,1,URBANO,Ciudades y aglomeraciones,115587000
2023,1,1,URBANO,Ciudades y aglomeraciones,120000000
2022,1,1,URBANO,Ciudades y aglomeraciones,101000000
2022,1,1,URBANO,Ciudades y aglomeraciones,165000000
2023,1,1,URBANO,Ciudades y aglomeraciones,180000000
2023,1,1,URBANO,Ciudades y aglomeraciones,150000000
2021,1,1,URBANO,Ciudades y aglomeraciones,100000000
2023,1,1,URBANO,Ciudades y aglomeraciones,105000000
2022,1,1,URBANO,Ciudades y aglomeraciones,750000000
2022,1,1,URBANO,Ciudades y aglomeraciones,750000000
2023,1,1,URBANO,Ciudades y aglomeraciones,40000000
2022,1,1,URBANO,Ciudades y aglomeraciones,200000000
2016,1,1,RURAL,Intermedio,1500000.0
2022,1,1,URBANO,Ciudades y aglomeraciones,20000000
2023,1,2,URBANO,Ciudades y aglomeraciones,140000000
2021,1,1,URBANO,Ciudades y aglomeraciones,56000000
2016,1,1,RURAL,Intermedio,2000000.0
2023,1,1,URBANO,Ciudades y aglomeraciones,95000000
2022,1,2,URBANO,Ciudades y aglomeraciones,125000000
2021,1,1,URBANO,Ciudades y aglomeraciones,1500000000
2023,2,2,URBANO,Ciudades y aglomeraciones,886000000
2021,1,2,URBANO,Ciudades y aglomeraciones,1460000000
2021,1,1,RURAL,Intermedio,1000000.0
2023,2,2,URBANO,Ciudades y aglomeraciones,886000000
2021,1,1,URBANO,Ciudades y aglomeraciones,1500000000
2023,2,2,URBANO,Ciudades y aglomeraciones,886000000
2021,1,1,URBANO,Ciudades y aglomeraciones,1500000000
2021,1,2,URBANO,Ciudades y aglomeraciones,1460000000
2021,1,2,URBANO,Ciudades y aglomeraciones,1460000000
2021,1,2,URBANO,Ciudades y aglomeraciones,1460000000
2021,1,2,URBANO,Ciudades y aglomeraciones,1460000000
2023,2,2,URBANO,Ciudades y aglomeraciones,886000000
2021,1,1,URBANO,Ciudades y aglomeraciones,1500000000
2022,3,2,URBANO,Ciudades y aglomeraciones,420000000
2022,1,1,URBANO,Ciudades y aglomeraciones,620000000
2022,3,1,URBANO,Ciudades y aglomeraciones,400000000
2022,3,2,URBANO,Ciudades y aglomeraciones,420000000
2022,1,1,URBANO,Ciudades y aglomeraciones,620000000
2022,3,1,URBANO,Ciudades y aglomeraciones,400000000
2022,1,1,URBANO,Ciudades y aglomeraciones,620000000
2022,3,2,URBANO,Ciudades y aglomeraciones,420000000
2021,1,1,URBANO,Ciudades y aglomeraciones,170000000
2021,1,1,URBANO,Ciudades y aglomeraciones,185000000
2023,2,1,URBANO,Ciudades y aglomeraciones,182743728
2023,1,2,URBANO,Ciudades y aglomeraciones,228000000
2021,2,2,URBANO,Ciudades y aglomeraciones,175000000
2023,1,1,URBANO,Ciudades y aglomeraciones,140000000
2023,1,1,URBANO,Ciudades y aglomeraciones,157000000
2023,1,1,URBANO,Ciudades y aglomeraciones,235000000
2022,1,1,URBANO,Ciudades y aglomeraciones,178069584
2023,1,1,URBANO,Ciudades y aglomeraciones,222000000
2022,1,1,URBANO,Ciudades y aglomeraciones,5000000.0
2021,1,2,URBANO,Ciudades y aglomeraciones,130000000
2022,2,1,URBANO,Ciudades y aglomeraciones,172000000
2022,1,1,URBANO,Ciudades y aglomeraciones,195000000
2022,1,1,URBANO,Ciudades y aglomeraciones,115000000
2022,1,1,URBANO,Ciudades y aglomeraciones,180000000
2022,1,2,URBANO,Ciudades y aglomeraciones,152500000
2022,1,1,URBANO,Ciudades y aglomeraciones,5000000.0
2023,2,1,URBANO,Ciudades y aglomeraciones,140000000
2022,1,1,URBANO,Ciudades y aglomeraciones,195000000
2022,1,2,URBANO,Ciudades y aglomeraciones,155000000
2021,2,2,URBANO,Ciudades y aglomeraciones,160000000
2023,1,1,URBANO,Ciudades y aglomeraciones,207000000
2023,1,1,URBANO,Ciudades y aglomeraciones,157000000
2023,1,1,URBANO,Ciudades y aglomeraciones,235000000
2022,1,1,URBANO,Ciudades y aglomeraciones,101000000
2022,1,1,URBANO,Ciudades y aglomeraciones,180000000
2022,1,2,URBANO,Ciudades y aglomeraciones,152500000
2022,1,1,URBANO,Ciudades y aglomeraciones,145000000
2022,1,1,URBANO,Ciudades y aglomeraciones,180000000
2021,1,1,URBANO,Ciudades y aglomeraciones,170000000
2022,1,1,URBANO,Ciudades y aglomeraciones,75000000
2022,1,1,URBANO,Ciudades y aglomeraciones,75000000
2022,1,2,URBANO,Ciudades y aglomeraciones,70000000
2023,2,2,URBANO,Ciudades y aglomeraciones,130000000
2021,1,1,URBANO,Ciudades y aglomeraciones,125000000
2022,1,1,URBANO,Ciudades y aglomeraciones,155568992
2021,1,1,URBANO,Ciudades y aglomeraciones,100000000
2023,1,1,URBANO,Ciudades y aglomeraciones,63000000
2023,2,2,URBANO,Ciudades y aglomeraciones,140000000
2023,2,1,URBANO,Ciudades y aglomeraciones,203000000
2023,1,1,URBANO,Ciudades y aglomeraciones,200000000
2023,1,2,URBANO,Ciudades y aglomeraciones,123000000
2021,2,1,URBANO,Ciudades y aglomeraciones,165000000
2023,1,1,URBANO,Ciudades y aglomeraciones,180000000
2021,2,2,URBANO,Ciudades y aglomeraciones,174000000
2021,1,1,URBANO,Ciudades y aglomeraciones,180000000
2023,1,2,URBANO,Ciudades y aglomeraciones,205000000
2022,1,2,URBANO,Ciudades y aglomeraciones,120000000
2023,1,1,URBANO,Ciudades y aglomeraciones,150000000
2023,1,1,URBANO,Ciudades y aglomeraciones,145000000
2022,1,1,URBANO,Ciudades y aglomeraciones,178000000
2015,1,1,RURAL,Intermedio,1500000.0
2021,1,1,URBANO,Ciudades y aglomeraciones,107500000
2021,2,1,URBANO,Ciudades y aglomeraciones,181000000
2023,2,1,URBANO,Ciudades y aglomeraciones,55000000
2021,3,1,URBANO,Ciudades y aglomeraciones,120000000
2021,1,1,URBANO,Ciudades y aglomeraciones,100000000
2021,1,2,URBANO,Ciudades y aglomeraciones,113000000
2021,1,1,URBANO,Ciudades y aglomeraciones,100000000
2022,1,3,URBANO,Ciudades y aglomeraciones,100000000
2023,1,2,URBANO,Ciudades y aglomeraciones,80000000
2023,2,2,URBANO,Ciudades y aglomeraciones,133000000
2022,1,1,URBANO,Ciudades y aglomeraciones,9133113300
2022,1,1,URBANO,Ciudades y aglomeraciones,163000000
2021,2,2,URBANO,Ciudades y aglomeraciones,97000000
2021,1,1,URBANO,Ciudades y aglomeraciones,53617000
2023,1,2,URBANO,Ciudades y aglomeraciones,96500000
2022,1,2,URBANO,Ciudades y aglomeraciones,93300000
2022,1,1,URBANO,Ciudades y aglomeraciones,130000000
2023,2,1,URBANO,Ciudades y aglomeraciones,130000000
2023,1,1,URBANO,Ciudades y aglomeraciones,96000000
2021,1,2,URBANO,Ciudades y aglomeraciones,70000000
2021,1,2,URBANO,Ciudades y aglomeraciones,60000000
2021,2,1,URBANO,Ciudades y aglomeraciones,70000000
2023,2,2,URBANO,Ciudades y aglomeraciones,133000000
2023,1,1,URBANO,Ciudades y aglomeraciones,96000000
2022,1,2,URBANO,Ciudades y aglomeraciones,136065600
2023,1,1,URBANO,Ciudades y aglomeraciones,98000000
2022,1,2,URBANO,Ciudades y aglomeraciones,85000000
2022,2,1,URBANO,Ciudades y aglomeraciones,105000000
2021,1,2,URBANO,Ciudades y aglomeraciones,90000000
2023,2,1,URBANO,Ciudades y aglomeraciones,95676000
2022,1,1,URBANO,Ciudades y aglomeraciones,80000000
2022,1,1,URBANO,Ciudades y aglomeraciones,93600000
2023,1,1,URBANO,Ciudades y aglomeraciones,127000000
2021,2,1,URBANO,Ciudades y aglomeraciones,58000000
2016,1,1,RURAL,Intermedio,1500000.0
2021,1,2,URBANO,Ciudades y aglomeraciones,95000000
2022,3,2,URBANO,Ciudades y aglomeraciones,100000000
2023,1,2,URBANO,Ciudades y aglomeraciones,96000000
2021,2,2,URBANO,Ciudades y aglomeraciones,40000000
2022,1,2,URBANO,Ciudades y aglomeraciones,60000000
2021,1,1,URBANO,Ciudades y aglomeraciones,202000000
2023,1,1,URBANO,Ciudades y aglomeraciones,92000000
2022,1,1,URBANO,Ciudades y aglomeraciones,60000000
2022,1,1,URBANO,Ciudades y aglomeraciones,250000000
2023,1,1,URBANO,Ciudades y aglomeraciones,257000000
2021,1,1,URBANO,Ciudades y aglomeraciones,84000000
2023,1,1,URBANO,Ciudades y aglomeraciones,195000000
2022,1,1,URBANO,Ciudades y aglomeraciones,235000000
2023,2,4,URBANO,Ciudades y aglomeraciones,200000000
2023,1,1,URBANO,Ciudades y aglomeraciones,220000000
2022,1,1,URBANO,Ciudades y aglomeraciones,230000000
2022,1,1,URBANO,Ciudades y aglomeraciones,250000000
2023,1,1,URBANO,Ciudades y aglomeraciones,290000000
2022,1,2,URBANO,Ciudades y aglomeraciones,295000000
2021,1,1,URBANO,Ciudades y aglomeraciones,90000000
2021,1,1,URBANO,Ciudades y aglomeraciones,90000000
2022,1,1,URBANO,Ciudades y aglomeraciones,235000000
2023,2,2,URBANO,Ciudades y aglomeraciones,250000000
2021,1,1,URBANO,Ciudades y aglomeraciones,280000000
2022,1,1,URBANO,Ciudades y aglomeraciones,150000000
2022,1,1,URBANO,Ciudades y aglomeraciones,200000000
2021,1,1,URBANO,Ciudades y aglomeraciones,290000000
2022,1,1,URBANO,Ciudades y aglomeraciones,121524000
2022,1,1,URBANO,Ciudades y aglomeraciones,121298000
2022,1,1,URBANO,Ciudades y aglomeraciones,160000000
2023,2,2,URBANO,Ciudades y aglomeraciones,250000000
2022,1,1,URBANO,Ciudades y aglomeraciones,150000000
2022,1,1,URBANO,Ciudades y aglomeraciones,200000000
2022,1,1,URBANO,Ciudades y aglomeraciones,150000000
2022,1,1,URBANO,Ciudades y aglomeraciones,18025000
2022,1,1,URBANO,Ciudades y aglomeraciones,18025000
2022,1,1,URBANO,Ciudades y aglomeraciones,2451000.0
2022,1,1,URBANO,Ciudades y aglomeraciones,3677000.0
2021,1,1,URBANO,Ciudades y aglomeraciones,290000000
2021,1,1,URBANO,Ciudades y aglomeraciones,280000000
2022,1,1,URBANO,Ciudades y aglomeraciones,160000000
2022,1,1,URBANO,Ciudades y aglomeraciones,200000000
2022,1,1,URBANO,Ciudades y aglomeraciones,160000000
2021,1,1,URBANO,Ciudades y aglomeraciones,280000000
2021,1,1,RURAL,Intermedio,1000000.0
2021,1,1,URBANO,Ciudades y aglomeraciones,200000000
2023,1,1,URBANO,Ciudades y aglomeraciones,180000000
2022,1,1,URBANO,Ciudades y aglomeraciones,701878.0
2022,1,1,URBANO,Ciudades y aglomeraciones,11000000
2022,2,1,URBANO,Ciudades y aglomeraciones,105292000
2023,1,2,URBANO,Ciudades y aglomeraciones,230000000
2021,1,1,URBANO,Ciudades y aglomeraciones,137000000
2023,1,1,URBANO,Ciudades y aglomeraciones,15000000
2021,1,1,URBANO,Ciudades y aglomeraciones,175000000
2023,1,1,URBANO,Ciudades y aglomeraciones,290000000
2022,2,2,URBANO,Ciudades y aglomeraciones,25000000
2021,1,1,URBANO,Ciudades y aglomeraciones,180000000
2022,1,1,URBANO,Ciudades y aglomeraciones,200000000
2022,1,1,URBANO,Ciudades y aglomeraciones,220000000
2023,1,1,URBANO,Ciudades y aglomeraciones,6182027.0
2021,1,2,URBANO,Ciudades y aglomeraciones,245000000
2022,1,2,URBANO,Ciudades y aglomeraciones,225000000
2021,1,1,URBANO,Ciudades y aglomeraciones,187000000
2021,1,1,URBANO,Ciudades y aglomeraciones,158200000
2022,1,1,URBANO,Ciudades y aglomeraciones,230000000
2022,1,1,URBANO,Ciudades y aglomeraciones,215000000
2023,1,1,URBANO,Ciudades y aglomeraciones,1338805.0
2021,1,1,URBANO,Ciudades y aglomeraciones,160000000
2021,1,1,URBANO,Ciudades y aglomeraciones,147000000
2022,1,1,URBANO,Ciudades y aglomeraciones,230000000
2021,1,1,URBANO,Ciudades y aglomeraciones,27000000
2023,1,1,URBANO,Ciudades y aglomeraciones,230000000
2023,1,2,URBANO,Ciudades y aglomeraciones,115000000
2022,3,1,URBANO,Ciudades y aglomeraciones,160000000
2022,1,1,URBANO,Ciudades y aglomeraciones,99300000
2023,1,1,URBANO,Ciudades y aglomeraciones,120000000
2022,1,6,URBANO,Ciudades y aglomeraciones,80000000
2023,2,2,URBANO,Ciudades y aglomeraciones,520000000
2023,1,1,URBANO,Ciudades y aglomeraciones,209000000
2023,1,1,URBANO,Ciudades y aglomeraciones,350000000
2022,2,1,URBANO,Ciudades y aglomeraciones,355000000
2023,1,1,URBANO,Ciudades y aglomeraciones,650000000
2015,2,1,RURAL,Intermedio,1500000.0
2022,1,1,URBANO,Ciudades y aglomeraciones,165000000
2022,2,1,URBANO,Ciudades y aglomeraciones,160000000
2022,1,1,URBANO,Ciudades y aglomeraciones,580000000
2022,1,1,URBANO,Ciudades y aglomeraciones,580000000
2021,1,1,URBANO,Ciudades y aglomeraciones,480000000
2021,1,1,URBANO,Ciudades y aglomeraciones,150000000
2021,1,1,URBANO,Ciudades y aglomeraciones,480000000
2021,1,1,URBANO,Ciudades y aglomeraciones,480000000
2016,1,2,RURAL,Intermedio,1500000.0
2023,1,1,URBANO,Ciudades y aglomeraciones,360000000
2022,1,1,URBANO,Ciudades y aglomeraciones,70000000
2022,1,1,URBANO,Ciudades y aglomeraciones,99875000
2022,1,1,URBANO,Ciudades y aglomeraciones,104125000
2022,1,1,URBANO,Ciudades y aglomeraciones,99875000
2022,1,1,URBANO,Ciudades y aglomeraciones,95625000
2022,1,1,URBANO,Ciudades y aglomeraciones,25500000
2021,2,2,URBANO,Ciudades y aglomeraciones,980000000
2021,1,1,URBANO,Ciudades y aglomeraciones,703000000
2022,2,2,URBANO,Ciudades y aglomeraciones,880000000
2021,1,2,URBANO,Ciudades y aglomeraciones,700000000
2023,1,2,URBANO,Ciudades y aglomeraciones,1340735100
2021,1,1,URBANO,Ciudades y aglomeraciones,229596560
2021,1,2,URBANO,Ciudades y aglomeraciones,850000000
2021,2,1,URBANO,Ciudades y aglomeraciones,19259352
2021,1,1,URBANO,Ciudades y aglomeraciones,1000000000
2021,1,1,URBANO,Ciudades y aglomeraciones,1164999940
2023,1,2,URBANO,Ciudades y aglomeraciones,1340735100
2022,2,2,URBANO,Ciudades y aglomeraciones,880000000
2021,2,2,URBANO,Ciudades y aglomeraciones,980000000
2021,1,2,URBANO,Ciudades y aglomeraciones,700000000
2021,1,2,URBANO,Ciudades y aglomeraciones,700000000
2021,2,2,URBANO,Ciudades y aglomeraciones,980000000
2022,2,2,URBANO,Ciudades y aglomeraciones,880000000
2022,1,1,URBANO,Ciudades y aglomeraciones,400000000
2023,1,2,URBANO,Ciudades y aglomeraciones,1340735100
2021,2,1,URBANO,Ciudades y aglomeraciones,19259352
2021,2,1,URBANO,Ciudades y aglomeraciones,19259352
2021,1,1,URBANO,Ciudades y aglomeraciones,229596560
2021,1,1,URBANO,Ciudades y aglomeraciones,703000000
2021,1,1,RURAL,Intermedio,1000000.0
2021,1,1,URBANO,Ciudades y aglomeraciones,1164999940
2021,1,1,URBANO,Ciudades y aglomeraciones,703000000
2021,1,1,URBANO,Ciudades y aglomeraciones,1164999940
2021,1,2,URBANO,Ciudades y aglomeraciones,850000000
2023,1,2,URBANO,Ciudades y aglomeraciones,33000000
2021,1,1,URBANO,Ciudades y aglomeraciones,703000000
2023,1,1,URBANO,Ciudades y aglomeraciones,275000000
2023,3,1,URBANO,Ciudades y aglomeraciones,300000000
2021,1,1,URBANO,Ciudades y aglomeraciones,350000000
2021,1,1,URBANO,Ciudades y aglomeraciones,300000000
2021,1,2,URBANO,Ciudades y aglomeraciones,460000000
2023,1,1,URBANO,Ciudades y aglomeraciones,185000000
2023,1,2,URBANO,Ciudades y aglomeraciones,415000000
2022,1,2,URBANO,Ciudades y aglomeraciones,390000000
2022,1,1,URBANO,Ciudades y aglomeraciones,370000000
2022,1,1,URBANO,Ciudades y aglomeraciones,200000000
2021,2,2,URBANO,Ciudades y aglomeraciones,370000000
2016,1,1,RURAL,Intermedio,1500000.0
2022,1,2,URBANO,Ciudades y aglomeraciones,200000000
2021,1,1,RURAL,Intermedio,1000000.0
2022,1,1,URBANO,Ciudades y aglomeraciones,370000000
2022,1,1,URBANO,Ciudades y aglomeraciones,370000000
2022,1,1,URBANO,Ciudades y aglomeraciones,120000000
2021,1,1,URBANO,Ciudades y aglomeraciones,250000000
2022,1,2,URBANO,Ciudades y aglomeraciones,200000000
2022,1,1,URBANO,Ciudades y aglomeraciones,335000000
2021,1,1,URBANO,Ciudades y aglomeraciones,350000000
2023,1,1,URBANO,Ciudades y aglomeraciones,184816992
2021,1,1,URBANO,Ciudades y aglomeraciones,388000000
2021,1,2,URBANO,Ciudades y aglomeraciones,460000000
2022,1,1,URBANO,Ciudades y aglomeraciones,315000000
2023,1,1,URBANO,Ciudades y aglomeraciones,350000000
2023,2,1,URBANO,Ciudades y aglomeraciones,250000000
2022,1,1,URBANO,Ciudades y aglomeraciones,350000000
2023,1,1,URBANO,Ciudades y aglomeraciones,195000000
2022,1,1,URBANO,Ciudades y aglomeraciones,425000000
2022,2,1,URBANO,Ciudades y aglomeraciones,393000000
2021,2,2,URBANO,Ciudades y aglomeraciones,370000000
2022,1,1,URBANO,Ciudades y aglomeraciones,363000000
2021,1,1,URBANO,Ciudades y aglomeraciones,240000000
2022,1,1,URBANO,Ciudades y aglomeraciones,200000000
2023,1,2,URBANO,Ciudades y aglomeraciones,415000000
2023,1,1,URBANO,Ciudades y aglomeraciones,275000000
2023,3,1,URBANO,Ciudades y aglomeraciones,300000000
2022,1,2,URBANO,Ciudades y aglomeraciones,370000000
2021,1,1,URBANO,Ciudades y aglomeraciones,385000000
2022,1,2,URBANO,Ciudades y aglomeraciones,390000000
2021,1,1,URBANO,Ciudades y aglomeraciones,300000000
2021,1,2,URBANO,Ciudades y aglomeraciones,460000000
2021,2,2,URBANO,Ciudades y aglomeraciones,370000000
2022,1,2,URBANO,Ciudades y aglomeraciones,370000000
2021,1,1,URBANO,Ciudades y aglomeraciones,385000000
2022,1,1,URBANO,Ciudades y aglomeraciones,70000000
2023,1,1,URBANO,Ciudades y aglomeraciones,200000000
2022,1,1,URBANO,Ciudades y aglomeraciones,80000000
2016,1,1,RURAL,Intermedio,1000000.0
2021,1,1,URBANO,Ciudades y aglomeraciones,100000000
2021,1,3,URBANO,Ciudades y aglomeraciones,230000000
2022,1,2,URBANO,Ciudades y aglomeraciones,350000000
2022,1,1,URBANO,Ciudades y aglomeraciones,385000000
2023,1,1,URBANO,Ciudades y aglomeraciones,140000000
2023,1,1,URBANO,Ciudades y aglomeraciones,300000000
2023,1,1,URBANO,Ciudades y aglomeraciones,127000000
2021,1,1,URBANO,Ciudades y aglomeraciones,65000000
2022,1,1,URBANO,Ciudades y aglomeraciones,130245000
2022,1,1,URBANO,Ciudades y aglomeraciones,78000000
2022,1,1,URBANO,Ciudades y aglomeraciones,160000000
2022,1,1,URBANO,Ciudades y aglomeraciones,40000000
2022,1,2,URBANO,Ciudades y aglomeraciones,500000000
2022,1,2,URBANO,Ciudades y aglomeraciones,400000000
2022,2,2,URBANO,Ciudades y aglomeraciones,170000000
2022,2,2,URBANO,Ciudades y aglomeraciones,637000000
2022,1,1,URBANO,Ciudades y aglomeraciones,548249980
2022,2,2,URBANO,Ciudades y aglomeraciones,637000000
2022,1,1,URBANO,Ciudades y aglomeraciones,548249980
2022,2,2,URBANO,Ciudades y aglomeraciones,170000000
2022,1,2,URBANO,Ciudades y aglomeraciones,400000000
2022,2,2,URBANO,Ciudades y aglomeraciones,637000000
2022,1,2,URBANO,Ciudades y aglomeraciones,400000000
2022,1,2,URBANO,Ciudades y aglomeraciones,500000000
2023,1,1,URBANO,Ciudades y aglomeraciones,65000000
2022,1,1,URBANO,Ciudades y aglomeraciones,128600000
2022,1,1,URBANO,Ciudades y aglomeraciones,13000000
2023,2,2,URBANO,Ciudades y aglomeraciones,8000000.0
2023,2,2,URBANO,Ciudades y aglomeraciones,12000000
2022,1,1,URBANO,Ciudades y aglomeraciones,1150000000
2022,1,1,URBANO,Ciudades y aglomeraciones,1150000000
2022,1,1,URBANO,Ciudades y aglomeraciones,1150000000
2022,1,1,URBANO,Ciudades y aglomeraciones,50000000
2023,2,1,URBANO,Ciudades y aglomeraciones,175000000
2022,2,1,URBANO,Ciudades y aglomeraciones,196360992
2022,1,1,URBANO,Ciudades y aglomeraciones,100000000
2022,1,1,URBANO,Ciudades y aglomeraciones,100000000
2022,1,1,URBANO,Ciudades y aglomeraciones,100000000
2022,1,1,URBANO,Ciudades y aglomeraciones,100000000
2023,2,1,URBANO,Ciudades y aglomeraciones,175000000
2023,1,1,URBANO,Ciudades y aglomeraciones,180000000
2022,2,1,URBANO,Ciudades y aglomeraciones,206791200
2022,2,3,URBANO,Ciudades y aglomeraciones,165000000
2023,1,1,URBANO,Ciudades y aglomeraciones,180000000
2022,2,1,URBANO,Ciudades y aglomeraciones,206791200
2022,2,3,URBANO,Ciudades y aglomeraciones,165000000
2015,1,1,URBANO,Intermedio,47850884
2023,1,1,URBANO,Ciudades y aglomeraciones,170000000
2021,1,1,URBANO,Ciudades y aglomeraciones,162000000
2023,2,4,URBANO,Ciudades y aglomeraciones,270000000
2023,1,1,URBANO,Ciudades y aglomeraciones,170000000
2021,1,1,URBANO,Ciudades y aglomeraciones,162000000
2023,2,1,URBANO,Ciudades y aglomeraciones,350000000
2022,2,3,URBANO,Ciudades y aglomeraciones,430000000
2023,2,4,URBANO,Ciudades y aglomeraciones,270000000
2023,2,1,URBANO,Ciudades y aglomeraciones,350000000
2023,2,6,URBANO,Ciudades y aglomeraciones,635000000
2022,1,1,URBANO,Ciudades y aglomeraciones,550000000
2022,1,1,URBANO,Ciudades y aglomeraciones,1150000000
2022,1,2,URBANO,Ciudades y aglomeraciones,259482000
2021,1,1,URBANO,Ciudades y aglomeraciones,3500000.0
2023,2,1,URBANO,Ciudades y aglomeraciones,420000000
2023,1,2,URBANO,Ciudades y aglomeraciones,250000000
2021,2,2,URBANO,Ciudades y aglomeraciones,215000000
2021,1,2,URBANO,Ciudades y aglomeraciones,325000000
2021,1,1,URBANO,Ciudades y aglomeraciones,10000000
2022,1,1,URBANO,Ciudades y aglomeraciones,340000000
2023,1,1,URBANO,Ciudades y aglomeraciones,475000000
2022,1,2,URBANO,Ciudades y aglomeraciones,429000000
2023,1,2,URBANO,Ciudades y aglomeraciones,325000000
2022,1,1,URBANO,Ciudades y aglomeraciones,353000000
2022,1,1,URBANO,Ciudades y aglomeraciones,315000000
2021,1,1,URBANO,Ciudades y aglomeraciones,305000000
2023,1,1,URBANO,Ciudades y aglomeraciones,350000000
2022,1,2,URBANO,Ciudades y aglomeraciones,421000000
2022,1,1,URBANO,Ciudades y aglomeraciones,330000000
2023,1,1,URBANO,Ciudades y aglomeraciones,373000000
2022,1,1,URBANO,Ciudades y aglomeraciones,210000000
2022,1,1,URBANO,Ciudades y aglomeraciones,156000000
2023,1,2,URBANO,Ciudades y aglomeraciones,410000000
2023,2,5,URBANO,Ciudades y aglomeraciones,8000000.0
2022,1,1,URBANO,Ciudades y aglomeraciones,280000000
2023,1,1,URBANO,Ciudades y aglomeraciones,343400000
2022,2,1,URBANO,Ciudades y aglomeraciones,575000000
2023,2,1,URBANO,Ciudades y aglomeraciones,240000000
2022,2,1,URBANO,Ciudades y aglomeraciones,300000000
2023,2,1,URBANO,Ciudades y aglomeraciones,260000000
2023,1,1,URBANO,Ciudades y aglomeraciones,2483000.0
2022,2,1,URBANO,Ciudades y aglomeraciones,300000000
2022,2,2,URBANO,Ciudades y aglomeraciones,450000000
2022,1,1,URBANO,Ciudades y aglomeraciones,3000000.0
2023,1,2,URBANO,Ciudades y aglomeraciones,275000000
2022,1,1,URBANO,Ciudades y aglomeraciones,280000000
2023,1,1,URBANO,Ciudades y aglomeraciones,343400000
2023,2,2,URBANO,Intermedio,35000000
2022,1,1,URBANO,Ciudades y aglomeraciones,210000000
2022,1,3,URBANO,Ciudades y aglomeraciones,160000000
2022,1,1,URBANO,Ciudades y aglomeraciones,330000000
2023,1,1,URBANO,Ciudades y aglomeraciones,373000000
2022,1,1,URBANO,Ciudades y aglomeraciones,120000000
2023,1,1,URBANO,Ciudades y aglomeraciones,125000000
2023,2,1,URBANO,Ciudades y aglomeraciones,260000000
2022,2,1,URBANO,Ciudades y aglomeraciones,300000000
2022,1,1,URBANO,Ciudades y aglomeraciones,156000000
2022,1,1,URBANO,Ciudades y aglomeraciones,280000000
2023,1,1,URBANO,Ciudades y aglomeraciones,343400000
2023,2,2,URBANO,Ciudades y aglomeraciones,200000000
2023,1,2,URBANO,Ciudades y aglomeraciones,410000000
2022,1,1,URBANO,Ciudades y aglomeraciones,335000000
2022,1,1,URBANO,Ciudades y aglomeraciones,300000000
2023,2,3,URBANO,Ciudades y aglomeraciones,217000000
2022,2,1,URBANO,Ciudades y aglomeraciones,575000000
2022,1,1,URBANO,Ciudades y aglomeraciones,70000000
2023,1,1,URBANO,Ciudades y aglomeraciones,110000000
2022,1,1,URBANO,Ciudades y aglomeraciones,81767344
2023,2,6,URBANO,Ciudades y aglomeraciones,635000000
2022,1,2,URBANO,Ciudades y aglomeraciones,393000000
2022,2,1,URBANO,Ciudades y aglomeraciones,435000000
2022,1,1,URBANO,Ciudades y aglomeraciones,400000000
2021,1,1,URBANO,Ciudades y aglomeraciones,380000000
2015,1,1,URBANO,Intermedio,6000000.0
2023,1,3,URBANO,Ciudades y aglomeraciones,540000000
2023,1,2,URBANO,Ciudades y aglomeraciones,480000000
2019,1,1,URBANO,Intermedio,10000000
2023,2,1,URBANO,Ciudades y aglomeraciones,350000000
2022,2,1,URBANO,Ciudades y aglomeraciones,292463008
2021,1,2,URBANO,Ciudades y aglomeraciones,430000000
2023,2,1,URBANO,Ciudades y aglomeraciones,370000000
2022,1,1,URBANO,Ciudades y aglomeraciones,266000000
2023,1,1,URBANO,Ciudades y aglomeraciones,298457984
2023,1,2,URBANO,Ciudades y aglomeraciones,560000000
2022,1,2,URBANO,Ciudades y aglomeraciones,435000000
2021,2,1,URBANO,Ciudades y aglomeraciones,250000000
2022,2,2,URBANO,Ciudades y aglomeraciones,450000000
2021,1,3,URBANO,Ciudades y aglomeraciones,390000000
2023,2,1,URBANO,Ciudades y aglomeraciones,300000000
2023,1,1,URBANO,Ciudades y aglomeraciones,330000000
2021,1,1,URBANO,Ciudades y aglomeraciones,370000000
2023,2,2,URBANO,Ciudades y aglomeraciones,338000000
2021,1,2,URBANO,Ciudades y aglomeraciones,445000000
2022,2,1,URBANO,Ciudades y aglomeraciones,530000000
2021,1,1,URBANO,Ciudades y aglomeraciones,370000000
2023,1,1,URBANO,Ciudades y aglomeraciones,330000000
2023,2,1,URBANO,Ciudades y aglomeraciones,300000000
2021,1,3,URBANO,Ciudades y aglomeraciones,390000000
2022,1,1,URBANO,Ciudades y aglomeraciones,400000000
2022,2,1,URBANO,Ciudades y aglomeraciones,292463008
2021,1,2,URBANO,Ciudades y aglomeraciones,430000000
2023,2,1,URBANO,Ciudades y aglomeraciones,370000000
2022,1,1,URBANO,Ciudades y aglomeraciones,23000000
2023,2,2,URBANO,Ciudades y aglomeraciones,338000000
2021,1,2,URBANO,Ciudades y aglomeraciones,445000000
2022,2,1,URBANO,Ciudades y aglomeraciones,530000000
2022,2,1,URBANO,Ciudades y aglomeraciones,435000000
2023,1,2,URBANO,Ciudades y aglomeraciones,480000000
2023,2,1,URBANO,Ciudades y aglomeraciones,350000000
2023,1,1,URBANO,Ciudades y aglomeraciones,298457984
2023,1,2,URBANO,Ciudades y aglomeraciones,560000000
2022,1,2,URBANO,Ciudades y aglomeraciones,435000000
2021,2,1,URBANO,Ciudades y aglomeraciones,250000000
2022,1,2,URBANO,Ciudades y aglomeraciones,22000000
2023,1,1,URBANO,Ciudades y aglomeraciones,540000000
2021,1,1,URBANO,Ciudades y aglomeraciones,18000000
2023,1,2,URBANO,Ciudades y aglomeraciones,20000000
2022,1,1,URBANO,Ciudades y aglomeraciones,17500000
2022,1,2,URBANO,Ciudades y aglomeraciones,393000000
2021,1,1,URBANO,Ciudades y aglomeraciones,380000000
2023,1,1,URBANO,Ciudades y aglomeraciones,20000000
2023,1,2,URBANO,Ciudades y aglomeraciones,18500000
2022,1,2,URBANO,Ciudades y aglomeraciones,393000000
2023,2,1,URBANO,Ciudades y aglomeraciones,350000000
2022,2,1,URBANO,Ciudades y aglomeraciones,435000000
2022,2,3,URBANO,Ciudades y aglomeraciones,430000000
2023,1,2,URBANO,Ciudades y aglomeraciones,480000000
2023,2,1,URBANO,Ciudades y aglomeraciones,370000000
2022,1,1,URBANO,Ciudades y aglomeraciones,6000000.0
2022,2,1,URBANO,Ciudades y aglomeraciones,292463008
2023,1,1,URBANO,Ciudades y aglomeraciones,540000000
2022,1,2,URBANO,Ciudades y aglomeraciones,22000000
2021,1,1,URBANO,Ciudades y aglomeraciones,380000000
2022,1,1,URBANO,Ciudades y aglomeraciones,400000000
2021,1,2,URBANO,Ciudades y aglomeraciones,430000000
2022,1,2,URBANO,Ciudades y aglomeraciones,421000000
2021,1,2,URBANO,Ciudades y aglomeraciones,445000000
2022,2,1,URBANO,Ciudades y aglomeraciones,530000000
2023,2,1,URBANO,Ciudades y aglomeraciones,300000000
2023,1,1,URBANO,Ciudades y aglomeraciones,298457984
2021,2,1,URBANO,Ciudades y aglomeraciones,250000000
2023,2,2,URBANO,Ciudades y aglomeraciones,338000000
2023,1,1,URBANO,Ciudades y aglomeraciones,330000000
2021,1,1,URBANO,Ciudades y aglomeraciones,370000000
2021,1,3,URBANO,Ciudades y aglomeraciones,390000000
2023,1,2,URBANO,Ciudades y aglomeraciones,560000000
2022,1,2,URBANO,Ciudades y aglomeraciones,435000000
2022,1,4,URBANO,Ciudades y aglomeraciones,250000000
2022,1,1,URBANO,Ciudades y aglomeraciones,250000000
2022,1,1,URBANO,Ciudades y aglomeraciones,235000000
2021,2,2,URBANO,Ciudades y aglomeraciones,180000000
2021,2,2,URBANO,Ciudades y aglomeraciones,220000000
2022,1,1,URBANO,Ciudades y aglomeraciones,215000000
2021,1,1,URBANO,Ciudades y aglomeraciones,310000000
2022,1,1,URBANO,Ciudades y aglomeraciones,268000000
2022,1,1,URBANO,Ciudades y aglomeraciones,220000000
2022,2,1,URBANO,Ciudades y aglomeraciones,380000000
2023,2,1,URBANO,Ciudades y aglomeraciones,225000000
2023,1,1,URBANO,Ciudades y aglomeraciones,375000000
2023,1,1,URBANO,Ciudades y aglomeraciones,300000000
2022,2,2,URBANO,Ciudades y aglomeraciones,160000000
2023,1,1,URBANO,Ciudades y aglomeraciones,445000000
2023,1,1,URBANO,Ciudades y aglomeraciones,420000000
2021,1,2,URBANO,Ciudades y aglomeraciones,200000000
2023,1,1,URBANO,Ciudades y aglomeraciones,360000000
2022,1,1,URBANO,Ciudades y aglomeraciones,235000000
2022,1,1,URBANO,Ciudades y aglomeraciones,17500000
2023,1,1,URBANO,Ciudades y aglomeraciones,340000000
2023,1,1,URBANO,Ciudades y aglomeraciones,205000000
2023,2,1,URBANO,Ciudades y aglomeraciones,388000000
2022,1,2,URBANO,Ciudades y aglomeraciones,194000000
2023,2,2,URBANO,Ciudades y aglomeraciones,234160000
2022,2,1,URBANO,Ciudades y aglomeraciones,220000000
2022,2,1,URBANO,Ciudades y aglomeraciones,240000000
2021,2,1,URBANO,Ciudades y aglomeraciones,332000000
2022,2,1,URBANO,Ciudades y aglomeraciones,220000000
2022,1,1,URBANO,Ciudades y aglomeraciones,315000000
2021,2,1,URBANO,Ciudades y aglomeraciones,330000000
2021,1,1,URBANO,Ciudades y aglomeraciones,286000000
2023,1,1,URBANO,Ciudades y aglomeraciones,18254000
2022,1,3,URBANO,Ciudades y aglomeraciones,250000000
2023,2,1,URBANO,Ciudades y aglomeraciones,300000000
2022,1,2,URBANO,Ciudades y aglomeraciones,250000000
2023,1,1,URBANO,Ciudades y aglomeraciones,250000000
2022,1,1,URBANO,Ciudades y aglomeraciones,372000000
2023,1,1,URBANO,Ciudades y aglomeraciones,445000000
2023,1,1,URBANO,Ciudades y aglomeraciones,340000000
2023,1,1,URBANO,Ciudades y aglomeraciones,445000000
2022,1,3,URBANO,Ciudades y aglomeraciones,250000000
2022,2,2,URBANO,Ciudades y aglomeraciones,160000000
2021,1,1,URBANO,Ciudades y aglomeraciones,310000000
2022,1,4,URBANO,Ciudades y aglomeraciones,250000000
2022,1,1,URBANO,Ciudades y aglomeraciones,250000000
2021,2,4,URBANO,Ciudades y aglomeraciones,400000000
2021,1,2,URBANO,Ciudades y aglomeraciones,400000000
2021,2,1,URBANO,Ciudades y aglomeraciones,330000000
2022,1,1,URBANO,Ciudades y aglomeraciones,315000000
2022,1,1,URBANO,Ciudades y aglomeraciones,268000000
2023,1,1,URBANO,Ciudades y aglomeraciones,300000000
2023,1,1,URBANO,Ciudades y aglomeraciones,360000000
2022,1,1,URBANO,Ciudades y aglomeraciones,158100000
2022,1,1,URBANO,Ciudades y aglomeraciones,220000000
2023,1,1,URBANO,Ciudades y aglomeraciones,205000000
2023,2,1,URBANO,Ciudades y aglomeraciones,388000000
2021,1,1,URBANO,Ciudades y aglomeraciones,250000000
2022,2,1,URBANO,Ciudades y aglomeraciones,230000000
2022,1,1,URBANO,Ciudades y aglomeraciones,70000000
2021,2,1,URBANO,Ciudades y aglomeraciones,1312037.0
2023,2,2,URBANO,Ciudades y aglomeraciones,195000000
2021,1,1,URBANO,Ciudades y aglomeraciones,80000000
2023,1,1,URBANO,Ciudades y aglomeraciones,120000000
2023,2,1,URBANO,Ciudades y aglomeraciones,450000000
2022,1,1,URBANO,Ciudades y aglomeraciones,205000000
2022,2,1,URBANO,Ciudades y aglomeraciones,300000000
2021,1,2,URBANO,Ciudades y aglomeraciones,406000000
2022,1,1,URBANO,Ciudades y aglomeraciones,205000000
2021,1,2,URBANO,Ciudades y aglomeraciones,406000000
2022,2,1,URBANO,Ciudades y aglomeraciones,300000000
2021,1,1,URBANO,Ciudades y aglomeraciones,3649999870
2023,2,1,URBANO,Ciudades y aglomeraciones,450000000
2021,1,2,URBANO,Ciudades y aglomeraciones,406000000
2022,2,1,URBANO,Ciudades y aglomeraciones,300000000
2022,1,11,URBANO,Ciudades y aglomeraciones,360000000
2022,1,1,URBANO,Ciudades y aglomeraciones,230000000
2022,1,11,URBANO,Ciudades y aglomeraciones,360000000
2022,1,1,URBANO,Ciudades y aglomeraciones,230000000
2022,2,1,URBANO,Ciudades y aglomeraciones,99500000
2022,1,2,URBANO,Ciudades y aglomeraciones,1400000000
2021,1,2,URBANO,Ciudades y aglomeraciones,800000000
2023,1,1,URBANO,Ciudades y aglomeraciones,1300000000
2022,1,1,URBANO,Ciudades y aglomeraciones,1272000000
2021,2,1,URBANO,Ciudades y aglomeraciones,720000000
2023,1,1,URBANO,Ciudades y aglomeraciones,1388151040
2023,2,1,URBANO,Ciudades y aglomeraciones,1388651010
2021,1,2,URBANO,Ciudades y aglomeraciones,800000000
2021,1,2,URBANO,Ciudades y aglomeraciones,800000000
2023,1,1,URBANO,Ciudades y aglomeraciones,1300000000
2022,1,1,URBANO,Ciudades y aglomeraciones,1272000000
2023,1,1,URBANO,Ciudades y aglomeraciones,1300000000
2022,1,1,URBANO,Ciudades y aglomeraciones,1272000000
2023,1,1,URBANO,Ciudades y aglomeraciones,1388151040
2023,2,1,URBANO,Ciudades y aglomeraciones,1388651010
2022,1,1,URBANO,Ciudades y aglomeraciones,18000000
2022,1,1,URBANO,Ciudades y aglomeraciones,850000000
2021,1,1,URBANO,Ciudades y aglomeraciones,60000000
2021,1,1,URBANO,Ciudades y aglomeraciones,40000000
2023,2,1,URBANO,Ciudades y aglomeraciones,250000000
2022,2,1,URBANO,Ciudades y aglomeraciones,280000000
2023,1,1,URBANO,Ciudades y aglomeraciones,100000000
2023,1,1,URBANO,Ciudades y aglomeraciones,30000000
2023,1,1,URBANO,Ciudades y aglomeraciones,51000000
2022,1,1,URBANO,Ciudades y aglomeraciones,50000000
2022,1,2,URBANO,Ciudades y aglomeraciones,15000000
2022,2,1,URBANO,Ciudades y aglomeraciones,20000000
2023,1,1,URBANO,Ciudades y aglomeraciones,33000000
2023,1,1,URBANO,Ciudades y aglomeraciones,60000000
2023,1,1,URBANO,Ciudades y aglomeraciones,105000000
2023,2,1,URBANO,Ciudades y aglomeraciones,111000000
2022,1,1,URBANO,Ciudades y aglomeraciones,10000000
2023,1,2,URBANO,Ciudades y aglomeraciones,20000000
2023,2,1,URBANO,Ciudades y aglomeraciones,70000000
2022,1,1,URBANO,Ciudades y aglomeraciones,20000000
2023,1,1,URBANO,Ciudades y aglomeraciones,28578000
2022,1,1,URBANO,Ciudades y aglomeraciones,78902992
2023,1,1,URBANO,Ciudades y aglomeraciones,43000000
2021,1,1,URBANO,Ciudades y aglomeraciones,465000000
2022,1,1,URBANO,Ciudades y aglomeraciones,30000000
2022,1,1,URBANO,Ciudades y aglomeraciones,40000000
2023,1,1,URBANO,Ciudades y aglomeraciones,30000000
2023,1,2,URBANO,Ciudades y aglomeraciones,30000000
2021,1,1,URBANO,Ciudades y aglomeraciones,421000000
2023,1,1,URBANO,Ciudades y aglomeraciones,21000000
2022,1,2,URBANO,Ciudades y aglomeraciones,65000000
2022,1,1,URBANO,Ciudades y aglomeraciones,485000000
2023,1,2,URBANO,Ciudades y aglomeraciones,700000000
2023,2,2,URBANO,Ciudades y aglomeraciones,425000000
2022,1,1,URBANO,Ciudades y aglomeraciones,560000000
2023,2,1,URBANO,Ciudades y aglomeraciones,438000000
2023,1,2,URBANO,Ciudades y aglomeraciones,745000000
2021,1,1,URBANO,Ciudades y aglomeraciones,420000000
2022,2,1,URBANO,Ciudades y aglomeraciones,510000000
2021,1,3,URBANO,Ciudades y aglomeraciones,508000000
2023,1,1,URBANO,Ciudades y aglomeraciones,455390048
2022,1,1,URBANO,Ciudades y aglomeraciones,485000000
2022,1,1,URBANO,Ciudades y aglomeraciones,485000000
2021,1,3,URBANO,Ciudades y aglomeraciones,508000000
2023,1,1,URBANO,Ciudades y aglomeraciones,455390048
2021,1,1,URBANO,Ciudades y aglomeraciones,420000000
2022,2,1,URBANO,Ciudades y aglomeraciones,510000000
2023,2,2,URBANO,Ciudades y aglomeraciones,425000000
2023,1,2,URBANO,Ciudades y aglomeraciones,700000000
2023,1,2,URBANO,Ciudades y aglomeraciones,745000000
2022,1,1,URBANO,Ciudades y aglomeraciones,560000000
2023,2,1,URBANO,Ciudades y aglomeraciones,438000000
2021,1,2,URBANO,Ciudades y aglomeraciones,600000000
2023,1,2,URBANO,Ciudades y aglomeraciones,700000000
2022,1,1,URBANO,Ciudades y aglomeraciones,485000000
2023,1,1,URBANO,Ciudades y aglomeraciones,455390048
2023,2,2,URBANO,Ciudades y aglomeraciones,425000000
2022,1,1,URBANO,Ciudades y aglomeraciones,560000000
2023,2,1,URBANO,Ciudades y aglomeraciones,438000000
2023,1,2,URBANO,Ciudades y aglomeraciones,745000000
2021,2,2,URBANO,Ciudades y aglomeraciones,116000000
2022,2,1,URBANO,Ciudades y aglomeraciones,185000000
2023,2,2,URBANO,Ciudades y aglomeraciones,630000000
2023,1,1,URBANO,Ciudades y aglomeraciones,450000000
2023,1,1,URBANO,Ciudades y aglomeraciones,450000000
2023,1,2,URBANO,Ciudades y aglomeraciones,400000000
2023,1,2,URBANO,Ciudades y aglomeraciones,400000000
2023,1,2,URBANO,Ciudades y aglomeraciones,400000000
2023,1,1,URBANO,Ciudades y aglomeraciones,450000000
2023,1,1,URBANO,Ciudades y aglomeraciones,450000000
2023,1,2,URBANO,Ciudades y aglomeraciones,400000000
2022,1,2,URBANO,Ciudades y aglomeraciones,320000000
2023,2,4,URBANO,Ciudades y aglomeraciones,1266000000
2022,3,2,URBANO,Ciudades y aglomeraciones,550000000
2021,1,1,URBANO,Ciudades y aglomeraciones,293304000
2022,2,2,URBANO,Ciudades y aglomeraciones,590000000
2022,2,2,URBANO,Ciudades y aglomeraciones,590000000
2022,2,2,URBANO,Ciudades y aglomeraciones,590000000
2022,1,1,URBANO,Ciudades y aglomeraciones,765000000
2022,1,1,URBANO,Ciudades y aglomeraciones,765000000
2022,1,1,URBANO,Ciudades y aglomeraciones,381630016
2022,1,1,URBANO,Ciudades y aglomeraciones,381630016
2022,1,1,URBANO,Ciudades y aglomeraciones,510000000
2022,1,1,URBANO,Ciudades y aglomeraciones,425000000
2022,1,1,URBANO,Ciudades y aglomeraciones,600000000
2022,1,1,URBANO,Ciudades y aglomeraciones,600000000
2022,1,1,URBANO,Ciudades y aglomeraciones,600000000
2022,1,1,URBANO,Ciudades y aglomeraciones,765000000
2022,1,1,URBANO,Ciudades y aglomeraciones,765000000
2021,1,1,URBANO,Ciudades y aglomeraciones,293304000
2022,1,1,URBANO,Ciudades y aglomeraciones,510000000
2022,1,1,URBANO,Ciudades y aglomeraciones,425000000
2022,1,1,URBANO,Ciudades y aglomeraciones,600000000
2022,3,2,URBANO,Ciudades y aglomeraciones,550000000
2022,1,1,URBANO,Ciudades y aglomeraciones,381630016
2022,2,2,URBANO,Ciudades y aglomeraciones,590000000
2022,1,2,URBANO,Ciudades y aglomeraciones,200000000
2022,1,2,URBANO,Ciudades y aglomeraciones,200000000
2021,1,1,URBANO,Ciudades y aglomeraciones,270000000
2021,1,1,URBANO,Ciudades y aglomeraciones,30000000
2021,1,1,URBANO,Ciudades y aglomeraciones,380000000
2021,1,1,URBANO,Ciudades y aglomeraciones,270000000
2021,1,1,URBANO,Ciudades y aglomeraciones,380000000
2021,1,1,URBANO,Ciudades y aglomeraciones,270000000
2021,1,1,URBANO,Ciudades y aglomeraciones,83253760
2023,1,1,URBANO,Ciudades y aglomeraciones,88000000
2023,1,1,URBANO,Ciudades y aglomeraciones,140000000
2022,1,2,URBANO,Ciudades y aglomeraciones,486727008
2022,1,3,URBANO,Ciudades y aglomeraciones,1300000000
2022,1,2,URBANO,Ciudades y aglomeraciones,486727008
2022,1,2,URBANO,Ciudades y aglomeraciones,486727008
2023,1,1,URBANO,Ciudades y aglomeraciones,27810916
2022,1,3,URBANO,Ciudades y aglomeraciones,1300000000
2022,1,3,URBANO,Ciudades y aglomeraciones,1300000000
2022,1,1,URBANO,Ciudades y aglomeraciones,80000000
2022,1,2,URBANO,Ciudades y aglomeraciones,120000000
2021,1,2,URBANO,Ciudades y aglomeraciones,215000000
2023,1,2,URBANO,Ciudades y aglomeraciones,140000000
2023,1,1,URBANO,Ciudades y aglomeraciones,140000000
2023,2,1,URBANO,Ciudades y aglomeraciones,210000000
2021,1,2,URBANO,Ciudades y aglomeraciones,215000000
2023,1,2,URBANO,Ciudades y aglomeraciones,140000000
